{
    "version": "0.4",
    "title": "Gallery",
    "type": "section",
    "metadata": {
        "template_type": "section-gallery",
        "include_in_zip": "1",
        "elementor_pro_required": null,
        "wp_page_template": "elementor_header_footer"
    },
    "content": [
        {
            "id": "3b0543d",
            "settings": {
                "background_background": "classic",
                "background_image": {
                    "id": "35",
                    "url": "http:\/\/demothemesflat.co\/oventkit\/wp-content\/uploads\/2023\/03\/img_bg_pages-GNNym8-DDG4-unsplash.jpg"
                },
                "background_position": "center center",
                "background_repeat": "no-repeat",
                "background_size": "cover",
                "background_overlay_background": "classic",
                "background_overlay_color": "#3813C2",
                "background_overlay_opacity": {
                    "unit": "px",
                    "size": 0.90200000000000002398081733190338127315044403076171875,
                    "sizes": []
                },
                "margin": {
                    "unit": "px",
                    "top": "-165",
                    "right": 0,
                    "bottom": "0",
                    "left": 0,
                    "isLinked": false
                },
                "padding": {
                    "unit": "px",
                    "top": "353",
                    "right": "0",
                    "bottom": "168",
                    "left": "0",
                    "isLinked": false
                }
            },
            "elements": [
                {
                    "id": "7d6348e1",
                    "settings": {
                        "_column_size": 100,
                        "_inline_size": null,
                        "margin": {
                            "unit": "px",
                            "top": "0",
                            "right": "0",
                            "bottom": "0",
                            "left": "0",
                            "isLinked": false
                        },
                        "padding": {
                            "unit": "px",
                            "top": "0",
                            "right": "0",
                            "bottom": "0",
                            "left": "0",
                            "isLinked": false
                        },
                        "padding_mobile": {
                            "unit": "px",
                            "top": "0",
                            "right": "0",
                            "bottom": "0",
                            "left": "0",
                            "isLinked": false
                        }
                    },
                    "elements": [
                        {
                            "id": "78fab46f",
                            "settings": {
                                "title": "Showcase",
                                "align": "center",
                                "_margin": {
                                    "unit": "px",
                                    "top": "0",
                                    "right": "0",
                                    "bottom": "0",
                                    "left": "0",
                                    "isLinked": false
                                },
                                "_padding": {
                                    "unit": "px",
                                    "top": "0",
                                    "right": "0",
                                    "bottom": "0",
                                    "left": "0",
                                    "isLinked": false
                                },
                                "__globals__": {
                                    "title_color": ""
                                },
                                "_animation_tablet": "fadeInUp",
                                "title_color": "#FFFFFF"
                            },
                            "elements": [],
                            "isInner": false,
                            "widgetType": "heading",
                            "elType": "widget"
                        },
                        {
                            "id": "41b10a34",
                            "settings": {
                                "view": "inline",
                                "icon_list": [
                                    {
                                        "text": "Home",
                                        "selected_icon": {
                                            "value": "",
                                            "library": ""
                                        },
                                        "_id": "ed5b457"
                                    },
                                    {
                                        "text": "Gallery",
                                        "selected_icon": {
                                            "value": "",
                                            "library": ""
                                        },
                                        "_id": "fd4eeb0"
                                    }
                                ],
                                "space_between": {
                                    "unit": "px",
                                    "size": 22,
                                    "sizes": []
                                },
                                "icon_align": "center",
                                "divider": "yes",
                                "divider_weight": {
                                    "unit": "px",
                                    "size": 2,
                                    "sizes": []
                                },
                                "divider_height": {
                                    "unit": "px",
                                    "size": 25,
                                    "sizes": []
                                },
                                "divider_color": "#FFFFFF",
                                "text_color": "#FFFFFF",
                                "_margin": {
                                    "unit": "px",
                                    "top": "28",
                                    "right": "0",
                                    "bottom": "0",
                                    "left": "0",
                                    "isLinked": false
                                },
                                "_padding": {
                                    "unit": "px",
                                    "top": "0",
                                    "right": "0",
                                    "bottom": "0",
                                    "left": "0",
                                    "isLinked": false
                                },
                                "__globals__": {
                                    "text_color": "globals\/colors?id=5552072",
                                    "divider_color": "globals\/colors?id=5552072",
                                    "icon_typography_typography": "globals\/typography?id=3216bf6"
                                },
                                "_animation_tablet": "fadeInUp"
                            },
                            "elements": [],
                            "isInner": false,
                            "widgetType": "icon-list",
                            "elType": "widget"
                        }
                    ],
                    "isInner": false,
                    "elType": "column"
                }
            ],
            "isInner": false,
            "elType": "section"
        },
        {
            "id": "7c36d8e0",
            "settings": {
                "margin": {
                    "unit": "px",
                    "top": "0",
                    "right": 0,
                    "bottom": "0",
                    "left": 0,
                    "isLinked": false
                },
                "padding": {
                    "unit": "px",
                    "top": "120",
                    "right": "0",
                    "bottom": "120",
                    "left": "0",
                    "isLinked": false
                }
            },
            "elements": [
                {
                    "id": "4e6bcdf",
                    "settings": {
                        "_column_size": 100,
                        "_inline_size": null,
                        "margin": {
                            "unit": "px",
                            "top": "0",
                            "right": "0",
                            "bottom": "0",
                            "left": "0",
                            "isLinked": false
                        },
                        "margin_mobile": {
                            "unit": "px",
                            "top": "0",
                            "right": "0",
                            "bottom": "0",
                            "left": "0",
                            "isLinked": false
                        },
                        "padding": {
                            "unit": "px",
                            "top": "0",
                            "right": "0",
                            "bottom": "0",
                            "left": "0",
                            "isLinked": false
                        },
                        "padding_tablet": {
                            "unit": "px",
                            "top": "0",
                            "right": "30",
                            "bottom": "0",
                            "left": "30",
                            "isLinked": false
                        },
                        "padding_mobile": {
                            "unit": "px",
                            "top": "0",
                            "right": "15",
                            "bottom": "0",
                            "left": "15",
                            "isLinked": false
                        }
                    },
                    "elements": [
                        {
                            "id": "2f30da5e",
                            "settings": {
                                "gallery_images": [
                                    {
                                        "id": 362,
                                        "url": "http:\/\/demothemesflat.co\/oventkit\/wp-content\/uploads\/2023\/05\/img_gallery_01.jpg"
                                    },
                                    {
                                        "id": 363,
                                        "url": "http:\/\/demothemesflat.co\/oventkit\/wp-content\/uploads\/2023\/05\/img_gallery_02.jpg"
                                    },
                                    {
                                        "id": 364,
                                        "url": "http:\/\/demothemesflat.co\/oventkit\/wp-content\/uploads\/2023\/05\/img_gallery_03.jpg"
                                    },
                                    {
                                        "id": 365,
                                        "url": "http:\/\/demothemesflat.co\/oventkit\/wp-content\/uploads\/2023\/05\/img_gallery_04.jpg"
                                    },
                                    {
                                        "id": 366,
                                        "url": "http:\/\/demothemesflat.co\/oventkit\/wp-content\/uploads\/2023\/05\/img_gallery_05.jpg"
                                    },
                                    {
                                        "id": 367,
                                        "url": "http:\/\/demothemesflat.co\/oventkit\/wp-content\/uploads\/2023\/05\/img_gallery_06.jpg"
                                    },
                                    {
                                        "id": 368,
                                        "url": "http:\/\/demothemesflat.co\/oventkit\/wp-content\/uploads\/2023\/05\/img_gallery_07.jpg"
                                    },
                                    {
                                        "id": 369,
                                        "url": "http:\/\/demothemesflat.co\/oventkit\/wp-content\/uploads\/2023\/05\/img_gallery_08.jpg"
                                    },
                                    {
                                        "id": 370,
                                        "url": "http:\/\/demothemesflat.co\/oventkit\/wp-content\/uploads\/2023\/05\/img_gallery_09.jpg"
                                    },
                                    {
                                        "id": 371,
                                        "url": "http:\/\/demothemesflat.co\/oventkit\/wp-content\/uploads\/2023\/05\/img_gallery_10.jpg"
                                    },
                                    {
                                        "id": 372,
                                        "url": "http:\/\/demothemesflat.co\/oventkit\/wp-content\/uploads\/2023\/05\/img_gallery_11.jpg"
                                    },
                                    {
                                        "id": 373,
                                        "url": "http:\/\/demothemesflat.co\/oventkit\/wp-content\/uploads\/2023\/05\/img_gallery_12.jpg"
                                    }
                                ],
                                "animate_on_scroll": "",
                                "gallery_columns": {
                                    "unit": "px",
                                    "size": 3,
                                    "sizes": []
                                },
                                "gutter": {
                                    "unit": "px",
                                    "size": 10,
                                    "sizes": []
                                }
                            },
                            "elements": [],
                            "isInner": false,
                            "widgetType": "stratum-masonry-gallery",
                            "elType": "widget"
                        },
                        {
                            "id": "39cb1700",
                            "settings": {
                                "text": " Load More",
                                "align": "center",
                                "selected_icon": {
                                    "value": "icon icon-plus",
                                    "library": "ekiticons"
                                },
                                "icon_indent": {
                                    "unit": "px",
                                    "size": 6,
                                    "sizes": []
                                },
                                "button_background_hover_color": "#02010100",
                                "hover_animation": "float",
                                "border_border": "solid",
                                "border_width": {
                                    "unit": "px",
                                    "top": "2",
                                    "right": "2",
                                    "bottom": "2",
                                    "left": "2",
                                    "isLinked": true
                                },
                                "border_radius": {
                                    "unit": "px",
                                    "top": "0",
                                    "right": "0",
                                    "bottom": "0",
                                    "left": "0",
                                    "isLinked": true
                                },
                                "text_padding": {
                                    "unit": "px",
                                    "top": "19",
                                    "right": "48",
                                    "bottom": "19",
                                    "left": "48",
                                    "isLinked": false
                                },
                                "_margin": {
                                    "unit": "px",
                                    "top": "50",
                                    "right": "0",
                                    "bottom": "0",
                                    "left": "0",
                                    "isLinked": false
                                },
                                "_padding": {
                                    "unit": "px",
                                    "top": "0",
                                    "right": "0",
                                    "bottom": "0",
                                    "left": "0",
                                    "isLinked": false
                                },
                                "__globals__": {
                                    "typography_typography": "globals\/typography?id=bfab488",
                                    "border_color": "globals\/colors?id=accent",
                                    "hover_color": "globals\/colors?id=accent"
                                }
                            },
                            "elements": [],
                            "isInner": false,
                            "widgetType": "button",
                            "elType": "widget"
                        }
                    ],
                    "isInner": false,
                    "elType": "column"
                }
            ],
            "isInner": false,
            "elType": "section"
        }
    ]
}