{
    "version": "0.4",
    "title": "Global Kit Styles",
    "type": "section",
    "metadata": {
        "template_type": "global-styles",
        "include_in_zip": "1",
        "elementor_pro_required": null,
        "additional_template_information": [
            "These are the global theme styles configured through the Elementor Theme Styles area."
        ],
        "wp_page_template": "default"
    },
    "content": [],
    "page_settings": {
        "system_colors": [
            {
                "_id": "primary",
                "title": "Primary",
                "color": "#000637"
            },
            {
                "_id": "secondary",
                "title": "Secondary",
                "color": "#5A70A1"
            },
            {
                "_id": "text",
                "title": "Text",
                "color": "#497898"
            },
            {
                "_id": "accent",
                "title": "Accent",
                "color": "#EC398B"
            }
        ],
        "custom_colors": [
            {
                "_id": "e24c235",
                "title": "New Item #1",
                "color": "#00BAFF"
            },
            {
                "_id": "5552072",
                "title": "New Item #2",
                "color": "#FFFFFF"
            },
            {
                "_id": "6b5fc43",
                "title": "bg-section",
                "color": "#FFF6F6"
            },
            {
                "_id": "1c37b62",
                "title": "Color 1",
                "color": "#00FFF0"
            },
            {
                "_id": "0d043fd",
                "title": "Gradient 1",
                "color": "#C600FF"
            },
            {
                "_id": "e69bebe",
                "title": "Gradient 2",
                "color": "#FFB1B1"
            },
            {
                "_id": "874e0f0",
                "title": "Gradient 3",
                "color": "#00BAFF"
            },
            {
                "_id": "22c9446",
                "title": "Gradient 4",
                "color": "#004DCD"
            },
            {
                "_id": "c524631",
                "title": "border color",
                "color": "#D9E7FF"
            }
        ],
        "system_typography": [
            {
                "_id": "primary",
                "title": "Primary",
                "typography_typography": "custom",
                "typography_font_family": "Montserrat",
                "typography_font_weight": "700",
                "typography_font_size": {
                    "unit": "px",
                    "size": 16,
                    "sizes": []
                },
                "typography_line_height": {
                    "unit": "em",
                    "size": 1,
                    "sizes": []
                }
            },
            {
                "_id": "secondary",
                "title": "Secondary",
                "typography_typography": "custom",
                "typography_font_family": "Montserrat",
                "typography_font_weight": "700",
                "typography_font_size": {
                    "unit": "px",
                    "size": 16,
                    "sizes": []
                }
            },
            {
                "_id": "text",
                "title": "Text",
                "typography_typography": "custom",
                "typography_font_family": "Karla",
                "typography_font_weight": "400",
                "typography_font_size": {
                    "unit": "px",
                    "size": 14,
                    "sizes": []
                },
                "typography_line_height": {
                    "unit": "em",
                    "size": 1.5,
                    "sizes": []
                }
            },
            {
                "_id": "accent",
                "title": "Accent",
                "typography_typography": "custom",
                "typography_font_family": "Karla",
                "typography_font_weight": "400",
                "typography_font_size": {
                    "unit": "px",
                    "size": 14,
                    "sizes": []
                },
                "typography_line_height": {
                    "unit": "em",
                    "size": 1.899999999999999911182158029987476766109466552734375,
                    "sizes": []
                }
            }
        ],
        "custom_typography": [
            {
                "typography_typography": "custom",
                "typography_font_family": "Karla",
                "typography_font_size": {
                    "unit": "px",
                    "size": 16,
                    "sizes": []
                },
                "typography_font_weight": "400",
                "typography_line_height": {
                    "unit": "px",
                    "size": 28,
                    "sizes": []
                },
                "_id": "a7ea95d",
                "title": "Intro Text"
            },
            {
                "typography_typography": "custom",
                "typography_font_family": "Montserrat",
                "typography_font_size": {
                    "unit": "px",
                    "size": 20,
                    "sizes": []
                },
                "typography_font_weight": "700",
                "typography_letter_spacing": {
                    "unit": "px",
                    "size": -0.59999999999999997779553950749686919152736663818359375,
                    "sizes": []
                },
                "_id": "842cb54",
                "title": "Title Box Main"
            },
            {
                "typography_typography": "custom",
                "typography_font_family": "Karla",
                "typography_font_size": {
                    "unit": "px",
                    "size": 14,
                    "sizes": []
                },
                "typography_font_weight": "bold",
                "typography_text_transform": "uppercase",
                "typography_line_height": {
                    "unit": "em",
                    "size": 1,
                    "sizes": []
                },
                "_id": "0abb7d8",
                "title": "Sub Title"
            },
            {
                "typography_typography": "custom",
                "typography_font_family": "Karla",
                "typography_font_size": {
                    "unit": "px",
                    "size": 14,
                    "sizes": []
                },
                "typography_font_weight": "bold",
                "typography_text_transform": "uppercase",
                "typography_line_height": {
                    "unit": "em",
                    "size": 1,
                    "sizes": []
                },
                "typography_letter_spacing": {
                    "unit": "px",
                    "size": 2.79999999999999982236431605997495353221893310546875,
                    "sizes": []
                },
                "_id": "ce83960",
                "title": "Description"
            },
            {
                "typography_typography": "custom",
                "typography_font_family": "Karla",
                "typography_font_size": {
                    "unit": "px",
                    "size": 14,
                    "sizes": []
                },
                "typography_font_weight": "bold",
                "typography_line_height": {
                    "unit": "em",
                    "size": 1,
                    "sizes": []
                },
                "typography_letter_spacing": {
                    "unit": "px",
                    "size": -0.1000000000000000055511151231257827021181583404541015625,
                    "sizes": []
                },
                "_id": "a78c67b",
                "title": "List"
            },
            {
                "typography_typography": "custom",
                "typography_font_family": "Karla",
                "typography_font_size": {
                    "unit": "px",
                    "size": 16,
                    "sizes": []
                },
                "typography_font_weight": "bold",
                "typography_line_height": {
                    "unit": "em",
                    "size": 1,
                    "sizes": []
                },
                "_id": "5f67083",
                "title": "Menu"
            },
            {
                "typography_typography": "custom",
                "typography_font_family": "Karla",
                "typography_font_size": {
                    "unit": "px",
                    "size": 40,
                    "sizes": []
                },
                "typography_font_size_mobile": {
                    "unit": "px",
                    "size": 28,
                    "sizes": []
                },
                "typography_font_weight": "400",
                "typography_line_height": {
                    "unit": "em",
                    "size": 9,
                    "sizes": []
                },
                "typography_line_height_tablet": {
                    "unit": "em",
                    "size": 4,
                    "sizes": []
                },
                "typography_line_height_mobile": {
                    "unit": "em",
                    "size": 1.1999999999999999555910790149937383830547332763671875,
                    "sizes": []
                },
                "typography_letter_spacing": {
                    "unit": "px",
                    "size": 0.1000000000000000055511151231257827021181583404541015625,
                    "sizes": []
                },
                "_id": "4c55476",
                "title": "Sub-Slide"
            },
            {
                "typography_typography": "custom",
                "typography_font_family": "Montserrat",
                "typography_font_size": {
                    "unit": "px",
                    "size": 120,
                    "sizes": []
                },
                "typography_font_size_mobile": {
                    "unit": "px",
                    "size": 45,
                    "sizes": []
                },
                "typography_font_weight": "700",
                "typography_line_height": {
                    "unit": "em",
                    "size": 1,
                    "sizes": []
                },
                "typography_letter_spacing": {
                    "unit": "px",
                    "size": -3.5,
                    "sizes": []
                },
                "typography_letter_spacing_mobile": {
                    "unit": "px",
                    "size": -1,
                    "sizes": []
                },
                "_id": "4d747ff",
                "title": "Title-Slide"
            },
            {
                "typography_typography": "custom",
                "typography_font_family": "Karla",
                "typography_font_size": {
                    "unit": "px",
                    "size": 16,
                    "sizes": []
                },
                "typography_font_weight": "400",
                "typography_line_height": {
                    "unit": "em",
                    "size": 1,
                    "sizes": []
                },
                "_id": "132205d",
                "title": "btn"
            },
            {
                "typography_typography": "custom",
                "typography_font_family": "Karla",
                "typography_font_size": {
                    "unit": "px",
                    "size": 14,
                    "sizes": []
                },
                "typography_font_weight": "bold",
                "typography_line_height": {
                    "unit": "em",
                    "size": 1,
                    "sizes": []
                },
                "_id": "a8daeb1",
                "title": "Positon"
            },
            {
                "typography_typography": "custom",
                "typography_font_family": "Montserrat",
                "typography_font_size": {
                    "unit": "px",
                    "size": 30,
                    "sizes": []
                },
                "typography_font_size_tablet": {
                    "unit": "px",
                    "size": 24,
                    "sizes": []
                },
                "typography_font_weight": "bold",
                "typography_line_height": {
                    "unit": "em",
                    "size": 1.3000000000000000444089209850062616169452667236328125,
                    "sizes": []
                },
                "typography_letter_spacing": {
                    "unit": "px",
                    "size": -0.90000000000000002220446049250313080847263336181640625,
                    "sizes": []
                },
                "_id": "8d01110",
                "title": "Title Box style 2"
            },
            {
                "typography_typography": "custom",
                "typography_font_family": "Montserrat",
                "typography_font_size": {
                    "unit": "px",
                    "size": 24,
                    "sizes": []
                },
                "typography_font_weight": "700",
                "_id": "618fd87",
                "title": "Name Box style 2"
            },
            {
                "typography_typography": "custom",
                "typography_font_family": "Montserrat",
                "typography_font_size": {
                    "unit": "px",
                    "size": 36,
                    "sizes": []
                },
                "typography_font_weight": "bold",
                "_id": "0896c85",
                "title": "Title Big",
                "typography_line_height": {
                    "unit": "em",
                    "size": 1,
                    "sizes": []
                }
            },
            {
                "typography_typography": "custom",
                "typography_font_family": "Karla",
                "typography_font_size": {
                    "unit": "px",
                    "size": 18,
                    "sizes": []
                },
                "typography_font_weight": "400",
                "typography_line_height": {
                    "unit": "em",
                    "size": 1,
                    "sizes": []
                },
                "_id": "3216bf6",
                "title": "breadcrumb"
            },
            {
                "typography_typography": "custom",
                "typography_font_family": "Montserrat",
                "typography_font_size": {
                    "unit": "px",
                    "size": 24,
                    "sizes": []
                },
                "typography_font_weight": "bold",
                "typography_letter_spacing": {
                    "unit": "px",
                    "size": -0.59999999999999997779553950749686919152736663818359375,
                    "sizes": []
                },
                "_id": "b3580df",
                "title": "Title Box style 1"
            },
            {
                "typography_typography": "custom",
                "typography_font_family": "Karla",
                "typography_font_size": {
                    "unit": "px",
                    "size": 16,
                    "sizes": []
                },
                "typography_font_weight": "bold",
                "typography_text_transform": "uppercase",
                "typography_line_height": {
                    "unit": "em",
                    "size": 1,
                    "sizes": []
                },
                "_id": "50d8c79",
                "title": "TitleTab"
            },
            {
                "typography_typography": "custom",
                "typography_font_family": "Montserrat",
                "typography_font_size": {
                    "unit": "px",
                    "size": 32,
                    "sizes": []
                },
                "typography_font_weight": "bold",
                "typography_letter_spacing": {
                    "unit": "px",
                    "size": -0.90000000000000002220446049250313080847263336181640625,
                    "sizes": []
                },
                "_id": "451a574",
                "title": "Heading Style 2"
            },
            {
                "typography_typography": "custom",
                "typography_font_family": "Karla",
                "typography_font_size": {
                    "unit": "px",
                    "size": 16,
                    "sizes": []
                },
                "typography_font_weight": "400",
                "typography_line_height": {
                    "unit": "em",
                    "size": 1.8000000000000000444089209850062616169452667236328125,
                    "sizes": []
                },
                "typography_letter_spacing": {
                    "unit": "px",
                    "size": -0.40000000000000002220446049250313080847263336181640625,
                    "sizes": []
                },
                "_id": "aab71a5",
                "title": "Text"
            },
            {
                "typography_typography": "custom",
                "typography_font_family": "Karla",
                "typography_font_size": {
                    "unit": "px",
                    "size": 16,
                    "sizes": []
                },
                "typography_font_weight": "bold",
                "typography_line_height": {
                    "unit": "em",
                    "size": 1,
                    "sizes": []
                },
                "_id": "bfab488",
                "title": "button"
            },
            {
                "typography_typography": "custom",
                "typography_font_family": "Montserrat",
                "typography_font_size": {
                    "unit": "px",
                    "size": 100,
                    "sizes": []
                },
                "typography_font_weight": "700",
                "_id": "b85b673",
                "title": "Numb"
            },
            {
                "typography_typography": "custom",
                "typography_font_family": "Karla",
                "typography_font_size": {
                    "unit": "px",
                    "size": 14,
                    "sizes": []
                },
                "typography_font_weight": "bold",
                "typography_line_height": {
                    "unit": "em",
                    "size": 1,
                    "sizes": []
                },
                "_id": "9760dba",
                "title": "Meta"
            },
            {
                "typography_typography": "custom",
                "typography_font_family": "Montserrat",
                "typography_font_size": {
                    "unit": "px",
                    "size": 24,
                    "sizes": []
                },
                "typography_font_weight": "700",
                "typography_letter_spacing": {
                    "unit": "px",
                    "size": -0.59999999999999997779553950749686919152736663818359375,
                    "sizes": []
                },
                "_id": "0080e97",
                "title": "Title Box"
            },
            {
                "typography_typography": "custom",
                "typography_font_family": "Montserrat",
                "typography_font_size": {
                    "unit": "px",
                    "size": 90,
                    "sizes": []
                },
                "typography_font_weight": "700",
                "_id": "86d2b0b",
                "title": "TextNumber",
                "typography_line_height": {
                    "unit": "em",
                    "size": 1,
                    "sizes": []
                }
            },
            {
                "typography_typography": "custom",
                "typography_font_family": "Montserrat",
                "typography_font_size": {
                    "unit": "px",
                    "size": 30,
                    "sizes": []
                },
                "typography_font_weight": "700",
                "_id": "32abb00",
                "title": " unit"
            },
            {
                "typography_typography": "custom",
                "typography_font_family": "Montserrat",
                "typography_font_size": {
                    "unit": "px",
                    "size": 18,
                    "sizes": []
                },
                "typography_font_weight": "bold",
                "typography_letter_spacing": {
                    "unit": "px",
                    "size": 0,
                    "sizes": []
                },
                "_id": "e13b8aa",
                "title": "Name"
            },
            {
                "typography_typography": "custom",
                "typography_font_family": "Karla",
                "typography_font_size": {
                    "unit": "px",
                    "size": 14,
                    "sizes": []
                },
                "typography_font_weight": "bold",
                "typography_line_height": {
                    "unit": "em",
                    "size": 1,
                    "sizes": []
                },
                "_id": "e08a85b",
                "title": "btn-style-2"
            }
        ],
        "default_generic_fonts": "Sans-serif",
        "body_background_background": "classic",
        "page_title_selector": "h1.entry-title",
        "activeItemIndex": 1,
        "__globals__": {
            "mobile_browser_background": "globals\/colors?id=secondary",
            "body_background_color": "",
            "body_color": "globals\/colors?id=primary",
            "body_typography_typography": "globals\/typography?id=a7ea95d",
            "link_normal_typography_typography": "",
            "h1_color": "globals\/colors?id=secondary",
            "h1_typography_typography": "",
            "h2_color": "globals\/colors?id=secondary",
            "h2_typography_typography": "",
            "h3_color": "globals\/colors?id=primary",
            "h3_typography_typography": "",
            "h4_color": "globals\/colors?id=primary",
            "h4_typography_typography": "",
            "h5_color": "globals\/colors?id=accent",
            "h5_typography_typography": "",
            "h6_color": "globals\/colors?id=primary",
            "h6_typography_typography": "",
            "button_typography_typography": "",
            "button_text_color": "globals\/colors?id=5552072",
            "button_background_color": "globals\/colors?id=accent"
        },
        "viewport_md": 768,
        "viewport_lg": 1025,
        "body_color": "#000637",
        "link_normal_typography_font_family": "Montserrat",
        "link_normal_typography_font_size": {
            "unit": "px",
            "size": 16,
            "sizes": []
        },
        "link_normal_typography_font_weight": "700",
        "h1_color": "#5A70A1",
        "h1_typography_typography": "custom",
        "h1_typography_font_family": "Montserrat",
        "h1_typography_font_size": {
            "unit": "px",
            "size": 120,
            "sizes": []
        },
        "h1_typography_font_weight": "700",
        "h2_color": "#5A70A1",
        "h2_typography_typography": "custom",
        "h2_typography_font_family": "Montserrat",
        "h2_typography_font_size": {
            "unit": "px",
            "size": 80,
            "sizes": []
        },
        "h2_typography_font_weight": "700",
        "h3_color": "#000637",
        "h3_typography_typography": "custom",
        "h3_typography_font_family": "Montserrat",
        "h3_typography_font_size": {
            "unit": "px",
            "size": 60,
            "sizes": []
        },
        "h3_typography_font_weight": "700",
        "h4_color": "#000637",
        "h4_typography_typography": "custom",
        "h4_typography_font_family": "Montserrat",
        "h4_typography_font_size": {
            "unit": "px",
            "size": 32,
            "sizes": []
        },
        "h4_typography_font_weight": "700",
        "h5_color": "#EC398B",
        "h5_typography_typography": "custom",
        "h5_typography_font_family": "Karla",
        "h5_typography_font_size": {
            "unit": "px",
            "size": 24,
            "sizes": []
        },
        "h5_typography_font_weight": "400",
        "h5_typography_line_height": {
            "unit": "px",
            "size": 34,
            "sizes": []
        },
        "h6_color": "#000637",
        "h6_typography_typography": "custom",
        "h6_typography_font_family": "Karla",
        "h6_typography_font_size": {
            "unit": "px",
            "size": 14,
            "sizes": []
        },
        "h6_typography_font_weight": "400",
        "h6_typography_line_height": {
            "unit": "em",
            "size": 1,
            "sizes": []
        },
        "body_background_color": "#FFFFFF",
        "mobile_browser_background": "#5A70A1",
        "container_width": {
            "unit": "px",
            "size": 1170,
            "sizes": []
        },
        "space_between_widgets": {
            "unit": "px",
            "size": 0,
            "sizes": []
        },
        "default_page_template": "elementor_header_footer",
        "button_typography_typography": "custom",
        "button_typography_font_family": "Karla",
        "button_typography_font_size": {
            "unit": "px",
            "size": 16,
            "sizes": []
        },
        "button_typography_font_weight": "bold",
        "button_typography_line_height": {
            "unit": "em",
            "size": 1,
            "sizes": []
        },
        "h3_typography_line_height": {
            "unit": "px",
            "size": 70,
            "sizes": []
        },
        "h3_typography_letter_spacing": {
            "unit": "px",
            "size": -1.8000000000000000444089209850062616169452667236328125,
            "sizes": []
        },
        "h6_typography_letter_spacing": {
            "unit": "px",
            "size": 0.299999999999999988897769753748434595763683319091796875,
            "sizes": []
        },
        "h3_typography_font_size_mobile": {
            "unit": "px",
            "size": 40,
            "sizes": []
        },
        "h3_typography_line_height_mobile": {
            "unit": "em",
            "size": 1.1999999999999999555910790149937383830547332763671875,
            "sizes": []
        },
        "h2_typography_letter_spacing": {
            "unit": "px",
            "size": -2.399999999999999911182158029987476766109466552734375,
            "sizes": []
        },
        "h2_typography_font_size_mobile": {
            "unit": "px",
            "size": 55,
            "sizes": []
        }
    }
}