{
    "version": "0.4",
    "title": "Header",
    "type": "section",
    "metadata": {
        "template_type": "section-header",
        "include_in_zip": "1",
        "elementor_pro_required": null,
        "wp_page_template": "elementor_header_footer"
    },
    "content": [
        {
            "id": "4816cc59",
            "settings": {
                "margin": {
                    "unit": "px",
                    "top": "0",
                    "right": 0,
                    "bottom": "0",
                    "left": 0,
                    "isLinked": false
                },
                "padding": {
                    "unit": "px",
                    "top": "0",
                    "right": "0",
                    "bottom": "0",
                    "left": "0",
                    "isLinked": false
                },
                "content_width": {
                    "unit": "px",
                    "size": 1270,
                    "sizes": []
                },
                "z_index": 9
            },
            "elements": [
                {
                    "id": "3bb0ef40",
                    "settings": {
                        "_column_size": 100,
                        "_inline_size": null,
                        "margin": {
                            "unit": "px",
                            "top": "0",
                            "right": "0",
                            "bottom": "0",
                            "left": "0",
                            "isLinked": false
                        },
                        "padding": {
                            "unit": "px",
                            "top": "0",
                            "right": "0",
                            "bottom": "0",
                            "left": "0",
                            "isLinked": false
                        }
                    },
                    "elements": [
                        {
                            "id": "1334743f",
                            "settings": {
                                "structure": "20",
                                "margin": {
                                    "unit": "px",
                                    "top": "0",
                                    "right": 0,
                                    "bottom": "0",
                                    "left": 0,
                                    "isLinked": false
                                },
                                "padding": {
                                    "unit": "px",
                                    "top": "19",
                                    "right": "0",
                                    "bottom": "13",
                                    "left": "3",
                                    "isLinked": false
                                },
                                "layout": "full_width",
                                "padding_tablet": {
                                    "unit": "px",
                                    "top": "19",
                                    "right": "30",
                                    "bottom": "13",
                                    "left": "30",
                                    "isLinked": false
                                },
                                "padding_mobile": {
                                    "unit": "px",
                                    "top": "19",
                                    "right": "15",
                                    "bottom": "13",
                                    "left": "15",
                                    "isLinked": false
                                }
                            },
                            "elements": [
                                {
                                    "id": "3ea50cb5",
                                    "settings": {
                                        "_column_size": 50,
                                        "_inline_size": null,
                                        "margin": {
                                            "unit": "px",
                                            "top": "0",
                                            "right": "0",
                                            "bottom": "0",
                                            "left": "0",
                                            "isLinked": false
                                        },
                                        "padding": {
                                            "unit": "px",
                                            "top": "0",
                                            "right": "0",
                                            "bottom": "0",
                                            "left": "0",
                                            "isLinked": false
                                        },
                                        "_inline_size_mobile": 62
                                    },
                                    "elements": [
                                        {
                                            "id": "6844c79f",
                                            "settings": {
                                                "icon_list": [
                                                    {
                                                        "text": "Get A Quote",
                                                        "_id": "233f858",
                                                        "selected_icon": {
                                                            "value": "",
                                                            "library": ""
                                                        },
                                                        "link": {
                                                            "url": "#",
                                                            "is_external": "",
                                                            "nofollow": "",
                                                            "custom_attributes": ""
                                                        }
                                                    },
                                                    {
                                                        "text": "Get Dirctions",
                                                        "selected_icon": {
                                                            "value": "",
                                                            "library": ""
                                                        },
                                                        "_id": "3c3205f",
                                                        "link": {
                                                            "url": "#",
                                                            "is_external": "",
                                                            "nofollow": "",
                                                            "custom_attributes": ""
                                                        }
                                                    }
                                                ],
                                                "view": "inline",
                                                "space_between": {
                                                    "unit": "px",
                                                    "size": 50,
                                                    "sizes": []
                                                },
                                                "text_color": "#000637",
                                                "__globals__": {
                                                    "text_color": "globals\/colors?id=5552072",
                                                    "icon_typography_typography": "globals\/typography?id=a78c67b",
                                                    "text_color_hover": "globals\/colors?id=accent"
                                                },
                                                "space_between_mobile": {
                                                    "unit": "px",
                                                    "size": 15,
                                                    "sizes": []
                                                },
                                                "text_color_hover": "#EC398B"
                                            },
                                            "elements": [],
                                            "isInner": false,
                                            "widgetType": "icon-list",
                                            "elType": "widget"
                                        }
                                    ],
                                    "isInner": true,
                                    "elType": "column"
                                },
                                {
                                    "id": "579b014f",
                                    "settings": {
                                        "_column_size": 50,
                                        "_inline_size": null,
                                        "margin": {
                                            "unit": "px",
                                            "top": "0",
                                            "right": "0",
                                            "bottom": "0",
                                            "left": "0",
                                            "isLinked": false
                                        },
                                        "padding": {
                                            "unit": "px",
                                            "top": "0",
                                            "right": "0",
                                            "bottom": "0",
                                            "left": "0",
                                            "isLinked": false
                                        },
                                        "_inline_size_mobile": 38
                                    },
                                    "elements": [
                                        {
                                            "id": "1eedd973",
                                            "settings": {
                                                "text": "Live Streming",
                                                "align": "right",
                                                "selected_icon": {
                                                    "value": "icon icon-camera-video",
                                                    "library": "ekiticons"
                                                },
                                                "background_color": "#EC398B00",
                                                "border_radius": {
                                                    "unit": "px",
                                                    "top": "0",
                                                    "right": "0",
                                                    "bottom": "0",
                                                    "left": "0",
                                                    "isLinked": false
                                                },
                                                "text_padding": {
                                                    "unit": "px",
                                                    "top": "0",
                                                    "right": "0",
                                                    "bottom": "0",
                                                    "left": "0",
                                                    "isLinked": false
                                                },
                                                "__globals__": {
                                                    "button_text_color": "globals\/colors?id=5552072",
                                                    "hover_color": "globals\/colors?id=accent",
                                                    "typography_typography": "globals\/typography?id=a78c67b"
                                                },
                                                "button_text_color": "#FFFFFF",
                                                "hover_color": "#EC398B",
                                                "_margin": {
                                                    "unit": "px",
                                                    "top": "-5",
                                                    "right": "0",
                                                    "bottom": "0",
                                                    "left": "0",
                                                    "isLinked": false
                                                },
                                                "_padding": {
                                                    "unit": "px",
                                                    "top": "0",
                                                    "right": "0",
                                                    "bottom": "0",
                                                    "left": "0",
                                                    "isLinked": false
                                                },
                                                "icon_indent": {
                                                    "unit": "px",
                                                    "size": 6,
                                                    "sizes": []
                                                }
                                            },
                                            "elements": [],
                                            "isInner": false,
                                            "widgetType": "button",
                                            "elType": "widget"
                                        }
                                    ],
                                    "isInner": true,
                                    "elType": "column"
                                }
                            ],
                            "isInner": true,
                            "elType": "section"
                        },
                        {
                            "id": "18980aa5",
                            "settings": {
                                "structure": "31",
                                "margin": {
                                    "unit": "px",
                                    "top": "0",
                                    "right": 0,
                                    "bottom": "0",
                                    "left": 0,
                                    "isLinked": false
                                },
                                "padding": {
                                    "unit": "px",
                                    "top": "33",
                                    "right": "50",
                                    "bottom": "25",
                                    "left": "50",
                                    "isLinked": false
                                },
                                "background_background": "classic",
                                "__globals__": {
                                    "background_color": "globals\/colors?id=5552072"
                                },
                                "layout": "full_width",
                                "z_index": 9,
                                "padding_tablet": {
                                    "unit": "px",
                                    "top": "33",
                                    "right": "30",
                                    "bottom": "25",
                                    "left": "30",
                                    "isLinked": false
                                },
                                "padding_mobile": {
                                    "unit": "px",
                                    "top": "33",
                                    "right": "15",
                                    "bottom": "25",
                                    "left": "15",
                                    "isLinked": false
                                }
                            },
                            "elements": [
                                {
                                    "id": "5e7bfa0d",
                                    "settings": {
                                        "_column_size": 25,
                                        "_inline_size": 20,
                                        "margin": {
                                            "unit": "px",
                                            "top": "0",
                                            "right": "0",
                                            "bottom": "0",
                                            "left": "0",
                                            "isLinked": false
                                        },
                                        "padding": {
                                            "unit": "px",
                                            "top": "0",
                                            "right": "0",
                                            "bottom": "0",
                                            "left": "0",
                                            "isLinked": false
                                        },
                                        "_inline_size_tablet": 50,
                                        "_inline_size_mobile": 60
                                    },
                                    "elements": [
                                        {
                                            "id": "3a40e26b",
                                            "settings": {
                                                "image": {
                                                    "id": 31,
                                                    "url": "http:\/\/demothemesflat.co\/oventkit\/wp-content\/uploads\/2023\/03\/logo-dark.png"
                                                },
                                                "image_size": "full",
                                                "align": "left",
                                                "width": {
                                                    "unit": "%",
                                                    "size": 100,
                                                    "sizes": []
                                                },
                                                "space": {
                                                    "unit": "px",
                                                    "size": 131,
                                                    "sizes": []
                                                }
                                            },
                                            "elements": [],
                                            "isInner": false,
                                            "widgetType": "image",
                                            "elType": "widget"
                                        }
                                    ],
                                    "isInner": true,
                                    "elType": "column"
                                },
                                {
                                    "id": "d212e95",
                                    "settings": {
                                        "_column_size": 50,
                                        "_inline_size": 59.7530000000000001136868377216160297393798828125,
                                        "margin": {
                                            "unit": "px",
                                            "top": "3",
                                            "right": "37",
                                            "bottom": "0",
                                            "left": "0",
                                            "isLinked": false
                                        },
                                        "padding": {
                                            "unit": "px",
                                            "top": "0",
                                            "right": "0",
                                            "bottom": "0",
                                            "left": "0",
                                            "isLinked": false
                                        },
                                        "_inline_size_tablet": 50,
                                        "_inline_size_mobile": 40,
                                        "margin_tablet": {
                                            "unit": "px",
                                            "top": "0",
                                            "right": "0",
                                            "bottom": "0",
                                            "left": "0",
                                            "isLinked": false
                                        }
                                    },
                                    "elements": [
                                        {
                                            "id": "2006650d",
                                            "settings": {
                                                "main_menu_position": "tf-alignment-right",
                                                "submenu_icon": "plus",
                                                "nav_menu_logo": {
                                                    "id": 31,
                                                    "url": "http:\/\/demothemesflat.co\/oventkit\/wp-content\/uploads\/2023\/03\/logo-dark.png"
                                                },
                                                "item_menu_color": "#5A70A1",
                                                "item_menu_color_hover": "#EC398B",
                                                "item_menu_color_active": "#EC398B",
                                                "item_menu_space_between": {
                                                    "unit": "px",
                                                    "size": 25,
                                                    "sizes": []
                                                },
                                                "item_submenu_typography_typography": "custom",
                                                "item_submenu_typography_font_family": "Karla",
                                                "item_submenu_typography_font_size": {
                                                    "unit": "px",
                                                    "size": 16,
                                                    "sizes": []
                                                },
                                                "item_submenu_typography_font_weight": "bold",
                                                "item_submenu_typography_line_height": {
                                                    "unit": "em",
                                                    "size": 1,
                                                    "sizes": []
                                                },
                                                "item_submenu_color": "#FFFFFF",
                                                "item_submenu_color_hover": "#EC398B",
                                                "item_submenu_background_color_hover": "#FFFFFF",
                                                "item_submenu_color_active": "#EC398B",
                                                "item_submenu_background_color_active": "#FFFFFF",
                                                "item_submenu_spacing": {
                                                    "unit": "px",
                                                    "size": 74,
                                                    "sizes": []
                                                },
                                                "toggle_button_menu_color": "#000637",
                                                "toggle_button_menu_color_hover": "#EC398B",
                                                "toggle_button_menu_size": {
                                                    "unit": "px",
                                                    "size": 24,
                                                    "sizes": []
                                                },
                                                "toggle_button_menu_padding": {
                                                    "unit": "px",
                                                    "top": "8",
                                                    "right": "16",
                                                    "bottom": "8",
                                                    "left": "16",
                                                    "isLinked": false
                                                },
                                                "toggle_button_menu_margin": {
                                                    "unit": "px",
                                                    "top": "0",
                                                    "right": "0",
                                                    "bottom": "0",
                                                    "left": "0",
                                                    "isLinked": false
                                                },
                                                "panel_logo_width": {
                                                    "unit": "px",
                                                    "size": 131,
                                                    "sizes": []
                                                },
                                                "panel_menu_color_hover": "#EC398B",
                                                "panel_menu_color_active": "#EC398B",
                                                "__globals__": {
                                                    "item_menu_color": "globals\/colors?id=secondary",
                                                    "item_menu_color_hover": "globals\/colors?id=accent",
                                                    "item_menu_color_active": "globals\/colors?id=accent",
                                                    "item_menu_typography_typography": "globals\/typography?id=5f67083",
                                                    "item_submenu_background_color_hover": "globals\/colors?id=5552072",
                                                    "item_submenu_color_hover": "globals\/colors?id=accent",
                                                    "item_submenu_background_color_active": "globals\/colors?id=5552072",
                                                    "item_submenu_color_active": "globals\/colors?id=accent",
                                                    "toggle_button_menu_color": "globals\/colors?id=primary",
                                                    "toggle_button_menu_color_hover": "globals\/colors?id=accent",
                                                    "item_submenu_color": "globals\/colors?id=primary",
                                                    "panel_background": "globals\/colors?id=5552072",
                                                    "panel_menu_typography_typography": "globals\/typography?id=5f67083",
                                                    "panel_menu_color_hover": "globals\/colors?id=accent",
                                                    "panel_menu_color_active": "globals\/colors?id=accent",
                                                    "item_submenu_typography_typography": "",
                                                    "panel_menu_color": "globals\/colors?id=primary",
                                                    "memu_mobile_divider_border_color": "globals\/colors?id=6b5fc43",
                                                    "item_submenu_background_color": "globals\/colors?id=5552072"
                                                },
                                                "item_submenu_horizontal_padding": {
                                                    "unit": "px",
                                                    "size": 20,
                                                    "sizes": []
                                                },
                                                "item_submenu_vertical_padding": {
                                                    "unit": "px",
                                                    "size": 15,
                                                    "sizes": []
                                                },
                                                "toggle_button_menu_size_tablet": {
                                                    "unit": "px",
                                                    "size": 30,
                                                    "sizes": []
                                                },
                                                "toggle_button_menu_padding_tablet": {
                                                    "unit": "px",
                                                    "top": "8",
                                                    "right": "0",
                                                    "bottom": "8",
                                                    "left": "0",
                                                    "isLinked": false
                                                },
                                                "panel_logo_width_mobile": {
                                                    "unit": "px",
                                                    "size": 131,
                                                    "sizes": []
                                                },
                                                "vertical_padding_link": {
                                                    "unit": "px",
                                                    "size": 18,
                                                    "sizes": []
                                                }
                                            },
                                            "elements": [],
                                            "isInner": false,
                                            "widgetType": "tf-nav-menu",
                                            "elType": "widget"
                                        }
                                    ],
                                    "isInner": true,
                                    "elType": "column"
                                },
                                {
                                    "id": "277cd982",
                                    "settings": {
                                        "_column_size": 25,
                                        "_inline_size": 20,
                                        "margin": {
                                            "unit": "px",
                                            "top": "0",
                                            "right": "0",
                                            "bottom": "0",
                                            "left": "0",
                                            "isLinked": false
                                        },
                                        "padding": {
                                            "unit": "px",
                                            "top": "0",
                                            "right": "0",
                                            "bottom": "0",
                                            "left": "0",
                                            "isLinked": false
                                        },
                                        "hide_tablet": "hidden-tablet",
                                        "hide_mobile": "hidden-phone"
                                    },
                                    "elements": [
                                        {
                                            "id": "c1f62ad",
                                            "settings": {
                                                "text": "Buy Ticket",
                                                "align": "right",
                                                "selected_icon": {
                                                    "value": "fas fa-ticket-alt",
                                                    "library": "fa-solid"
                                                },
                                                "hover_color": "#EC398B",
                                                "button_background_hover_color": "#FFFFFF00",
                                                "border_border": "solid",
                                                "border_width": {
                                                    "unit": "px",
                                                    "top": "2",
                                                    "right": "2",
                                                    "bottom": "2",
                                                    "left": "2",
                                                    "isLinked": true
                                                },
                                                "border_color": "#EC398B",
                                                "border_radius": {
                                                    "unit": "px",
                                                    "top": "0",
                                                    "right": "0",
                                                    "bottom": "0",
                                                    "left": "0",
                                                    "isLinked": true
                                                },
                                                "text_padding": {
                                                    "unit": "px",
                                                    "top": "18",
                                                    "right": "47",
                                                    "bottom": "21",
                                                    "left": "47",
                                                    "isLinked": false
                                                },
                                                "_margin": {
                                                    "unit": "px",
                                                    "top": "-7",
                                                    "right": "-3",
                                                    "bottom": "0",
                                                    "left": "0",
                                                    "isLinked": false
                                                },
                                                "_padding": {
                                                    "unit": "px",
                                                    "top": "0",
                                                    "right": "0",
                                                    "bottom": "0",
                                                    "left": "0",
                                                    "isLinked": false
                                                },
                                                "__globals__": {
                                                    "border_color": "globals\/colors?id=accent",
                                                    "button_background_hover_color": "",
                                                    "hover_color": "globals\/colors?id=accent"
                                                }
                                            },
                                            "elements": [],
                                            "isInner": false,
                                            "widgetType": "button",
                                            "elType": "widget"
                                        }
                                    ],
                                    "isInner": true,
                                    "elType": "column"
                                }
                            ],
                            "isInner": true,
                            "elType": "section"
                        },
                        {
                            "id": "91a0cc",
                            "settings": {
                                "image": {
                                    "id": 32,
                                    "url": "http:\/\/demothemesflat.co\/oventkit\/wp-content\/uploads\/2023\/03\/bg-header.png"
                                },
                                "image_size": "full",
                                "_margin": {
                                    "unit": "px",
                                    "top": "0",
                                    "right": "0",
                                    "bottom": "0",
                                    "left": "0",
                                    "isLinked": false
                                },
                                "_padding": {
                                    "unit": "px",
                                    "top": "0",
                                    "right": "0",
                                    "bottom": "0",
                                    "left": "0",
                                    "isLinked": false
                                },
                                "_position": "absolute",
                                "_offset_orientation_v": "end",
                                "_offset_y_end": {
                                    "unit": "px",
                                    "size": -20,
                                    "sizes": []
                                }
                            },
                            "elements": [],
                            "isInner": false,
                            "widgetType": "image",
                            "elType": "widget"
                        }
                    ],
                    "isInner": false,
                    "elType": "column"
                }
            ],
            "isInner": false,
            "elType": "section"
        }
    ]
}