{
    "version": "0.4",
    "title": "News",
    "type": "section",
    "metadata": {
        "template_type": "archive-blog",
        "include_in_zip": "1",
        "elementor_pro_required": null,
        "wp_page_template": "elementor_header_footer"
    },
    "content": [
        {
            "id": "4ab557f3",
            "settings": {
                "background_background": "classic",
                "background_image": {
                    "id": 36,
                    "url": "http:\/\/demothemesflat.co\/oventkit\/wp-content\/uploads\/2023\/03\/img_bg_pages-GNNym8-DDG4-unsplash-1.jpg"
                },
                "background_position": "center center",
                "background_repeat": "no-repeat",
                "background_size": "cover",
                "background_overlay_background": "classic",
                "background_overlay_color": "#3813C2",
                "background_overlay_opacity": {
                    "unit": "px",
                    "size": 0.90200000000000002398081733190338127315044403076171875,
                    "sizes": []
                },
                "margin": {
                    "unit": "px",
                    "top": "-165",
                    "right": 0,
                    "bottom": "0",
                    "left": 0,
                    "isLinked": false
                },
                "padding": {
                    "unit": "px",
                    "top": "353",
                    "right": "0",
                    "bottom": "168",
                    "left": "0",
                    "isLinked": false
                }
            },
            "elements": [
                {
                    "id": "6dea8a8c",
                    "settings": {
                        "_column_size": 100,
                        "_inline_size": null,
                        "margin": {
                            "unit": "px",
                            "top": "0",
                            "right": "0",
                            "bottom": "0",
                            "left": "0",
                            "isLinked": false
                        },
                        "padding": {
                            "unit": "px",
                            "top": "0",
                            "right": "0",
                            "bottom": "0",
                            "left": "0",
                            "isLinked": false
                        }
                    },
                    "elements": [
                        {
                            "id": "4c0347a2",
                            "settings": {
                                "title": "News Feeds",
                                "align": "center",
                                "_margin": {
                                    "unit": "px",
                                    "top": "0",
                                    "right": "0",
                                    "bottom": "0",
                                    "left": "0",
                                    "isLinked": false
                                },
                                "_padding": {
                                    "unit": "px",
                                    "top": "0",
                                    "right": "0",
                                    "bottom": "0",
                                    "left": "0",
                                    "isLinked": false
                                },
                                "__globals__": {
                                    "title_color": ""
                                },
                                "_animation_tablet": "fadeInUp",
                                "_animation": "fadeInUp",
                                "title_color": "#FFFFFF"
                            },
                            "elements": [],
                            "isInner": false,
                            "widgetType": "heading",
                            "elType": "widget"
                        },
                        {
                            "id": "202910d6",
                            "settings": {
                                "view": "inline",
                                "icon_list": [
                                    {
                                        "text": "Home",
                                        "selected_icon": {
                                            "value": "",
                                            "library": ""
                                        },
                                        "_id": "ed5b457"
                                    },
                                    {
                                        "text": "News",
                                        "selected_icon": {
                                            "value": "",
                                            "library": ""
                                        },
                                        "_id": "fd4eeb0"
                                    }
                                ],
                                "space_between": {
                                    "unit": "px",
                                    "size": 22,
                                    "sizes": []
                                },
                                "icon_align": "center",
                                "divider": "yes",
                                "divider_weight": {
                                    "unit": "px",
                                    "size": 2,
                                    "sizes": []
                                },
                                "divider_height": {
                                    "unit": "px",
                                    "size": 25,
                                    "sizes": []
                                },
                                "divider_color": "#FFFFFF",
                                "text_color": "#FFFFFF",
                                "_margin": {
                                    "unit": "px",
                                    "top": "28",
                                    "right": "0",
                                    "bottom": "0",
                                    "left": "0",
                                    "isLinked": false
                                },
                                "_padding": {
                                    "unit": "px",
                                    "top": "0",
                                    "right": "0",
                                    "bottom": "0",
                                    "left": "0",
                                    "isLinked": false
                                },
                                "__globals__": {
                                    "text_color": "globals\/colors?id=5552072",
                                    "divider_color": "globals\/colors?id=5552072",
                                    "icon_typography_typography": "globals\/typography?id=3216bf6"
                                },
                                "_animation_tablet": "fadeInUp",
                                "_animation": "fadeIn",
                                "animation_duration": "slow"
                            },
                            "elements": [],
                            "isInner": false,
                            "widgetType": "icon-list",
                            "elType": "widget"
                        }
                    ],
                    "isInner": false,
                    "elType": "column"
                }
            ],
            "isInner": false,
            "elType": "section"
        },
        {
            "id": "6a535493",
            "settings": {
                "background_background": "classic",
                "background_overlay_color": "#000637",
                "background_overlay_opacity": {
                    "unit": "px",
                    "size": 0.7019999999999999573674358543939888477325439453125,
                    "sizes": []
                },
                "margin": {
                    "unit": "px",
                    "top": "0",
                    "right": 0,
                    "bottom": "0",
                    "left": 0,
                    "isLinked": false
                },
                "padding": {
                    "unit": "px",
                    "top": "118",
                    "right": "0",
                    "bottom": "120",
                    "left": "0",
                    "isLinked": false
                },
                "background_color": "#FFF8F9",
                "__globals__": {
                    "background_color": ""
                }
            },
            "elements": [
                {
                    "id": "355555ac",
                    "settings": {
                        "_column_size": 100,
                        "_inline_size": null,
                        "margin": {
                            "unit": "px",
                            "top": "0",
                            "right": "0",
                            "bottom": "0",
                            "left": "0",
                            "isLinked": false
                        },
                        "padding": {
                            "unit": "px",
                            "top": "0",
                            "right": "0",
                            "bottom": "0",
                            "left": "0",
                            "isLinked": false
                        },
                        "padding_tablet": {
                            "unit": "px",
                            "top": "0",
                            "right": "30",
                            "bottom": "0",
                            "left": "30",
                            "isLinked": false
                        },
                        "padding_mobile": {
                            "unit": "px",
                            "top": "0",
                            "right": "15",
                            "bottom": "0",
                            "left": "15",
                            "isLinked": false
                        }
                    },
                    "elements": [
                        {
                            "id": "25e0a271",
                            "settings": {
                                "margin": {
                                    "unit": "px",
                                    "top": "0",
                                    "right": 0,
                                    "bottom": "0",
                                    "left": 0,
                                    "isLinked": false
                                },
                                "padding": {
                                    "unit": "px",
                                    "top": "0",
                                    "right": "0",
                                    "bottom": "0",
                                    "left": "0",
                                    "isLinked": false
                                },
                                "animation": "fadeInUp"
                            },
                            "elements": [
                                {
                                    "id": "341e82a2",
                                    "settings": {
                                        "_column_size": 100,
                                        "_inline_size": null,
                                        "margin": {
                                            "unit": "px",
                                            "top": "0",
                                            "right": "0",
                                            "bottom": "0",
                                            "left": "0",
                                            "isLinked": false
                                        },
                                        "padding": {
                                            "unit": "px",
                                            "top": "0",
                                            "right": "0",
                                            "bottom": "0",
                                            "left": "0",
                                            "isLinked": false
                                        }
                                    },
                                    "elements": [
                                        {
                                            "id": "760d4249",
                                            "settings": {
                                                "posts_per_page": 12,
                                                "order": "asc",
                                                "posts_layout": "column-3",
                                                "show_button": "",
                                                "button_text": "Read More",
                                                "show_category": "",
                                                "show_comment": "",
                                                "padding": {
                                                    "unit": "px",
                                                    "top": "0",
                                                    "right": "15",
                                                    "bottom": "0",
                                                    "left": "15",
                                                    "isLinked": false
                                                },
                                                "margin": {
                                                    "unit": "px",
                                                    "top": "0",
                                                    "right": "0",
                                                    "bottom": "30",
                                                    "left": "0",
                                                    "isLinked": false
                                                },
                                                "background_color": "#FFFFFF00",
                                                "bgcolor_content_item_post": "#FFFFFF",
                                                "padding_content_item_post": {
                                                    "unit": "px",
                                                    "top": "40",
                                                    "right": "40",
                                                    "bottom": "20",
                                                    "left": "40",
                                                    "isLinked": false
                                                },
                                                "margin_content_item_post": {
                                                    "unit": "px",
                                                    "top": "0",
                                                    "right": "0",
                                                    "bottom": "0",
                                                    "left": "0",
                                                    "isLinked": false
                                                },
                                                "padding_image": {
                                                    "unit": "px",
                                                    "top": "0",
                                                    "right": "0",
                                                    "bottom": "0",
                                                    "left": "0",
                                                    "isLinked": false
                                                },
                                                "margin_image": {
                                                    "unit": "px",
                                                    "top": "0",
                                                    "right": "0",
                                                    "bottom": "0",
                                                    "left": "0",
                                                    "isLinked": false
                                                },
                                                "overlay_bgcolor": "#EC398B7D",
                                                "overlay_icon": {
                                                    "value": "fas fa-plus",
                                                    "library": "fa-solid"
                                                },
                                                "text_margin": {
                                                    "unit": "px",
                                                    "top": "0",
                                                    "right": "0",
                                                    "bottom": "10",
                                                    "left": "0",
                                                    "isLinked": false
                                                },
                                                "meta_color": "#497898",
                                                "meta_color_hover": "#EC398B",
                                                "author_icon": "far fa-user",
                                                "date_icon": "far fa-calendar-alt",
                                                "meta_icon_color": "#497898",
                                                "show_underline_category": "",
                                                "underline_category_width": {
                                                    "unit": "%",
                                                    "size": 207,
                                                    "sizes": []
                                                },
                                                "underline_category_distance": {
                                                    "unit": "px",
                                                    "size": 28,
                                                    "sizes": []
                                                },
                                                "_margin": {
                                                    "unit": "px",
                                                    "top": "0",
                                                    "right": "-15",
                                                    "bottom": "0",
                                                    "left": "-15",
                                                    "isLinked": false
                                                },
                                                "_padding": {
                                                    "unit": "px",
                                                    "top": "0",
                                                    "right": "0",
                                                    "bottom": "0",
                                                    "left": "0",
                                                    "isLinked": false
                                                },
                                                "__globals__": {
                                                    "bgcolor_content_item_post": "globals\/colors?id=5552072",
                                                    "overlay_bgcolor": "",
                                                    "meta_typography_typography": "globals\/typography?id=9760dba",
                                                    "meta_color": "globals\/colors?id=text",
                                                    "meta_color_hover": "globals\/colors?id=accent",
                                                    "meta_icon_color": "globals\/colors?id=text",
                                                    "title_typography_typography": "globals\/typography?id=842cb54",
                                                    "title_color": "globals\/colors?id=primary",
                                                    "title_color_hover": "globals\/colors?id=accent",
                                                    "text_typography_typography": "",
                                                    "text_color": "",
                                                    "pagination_typography_typography": "globals\/typography?id=132205d",
                                                    "pagination_bgcolor": "globals\/colors?id=5552072",
                                                    "pagination_color_hover": "globals\/colors?id=5552072",
                                                    "pagination_bgcolor_hover": "globals\/colors?id=accent"
                                                },
                                                "title_color": "#000637",
                                                "title_color_hover": "#EC398B",
                                                "title_margin": {
                                                    "unit": "px",
                                                    "top": "13",
                                                    "right": "0",
                                                    "bottom": "13",
                                                    "left": "0",
                                                    "isLinked": false
                                                },
                                                "text_color": "#497898",
                                                "carousel": "",
                                                "carousel_column_desk": "3",
                                                "carousel_column_tablet": "2",
                                                "carousel_arrow": "",
                                                "carousel_bullets": "",
                                                "posts_layout_tablet": "tablet-column-2",
                                                "pagination": "yes",
                                                "padding_content_item_post_mobile": {
                                                    "unit": "px",
                                                    "top": "40",
                                                    "right": "20",
                                                    "bottom": "20",
                                                    "left": "20",
                                                    "isLinked": false
                                                },
                                                "pagination_padding": {
                                                    "unit": "px",
                                                    "top": "11",
                                                    "right": "16",
                                                    "bottom": "11",
                                                    "left": "16",
                                                    "isLinked": false
                                                },
                                                "pagination_margin": {
                                                    "unit": "px",
                                                    "top": "0",
                                                    "right": "-5",
                                                    "bottom": "0",
                                                    "left": "15",
                                                    "isLinked": false
                                                },
                                                "pagination_color": "#7886A0",
                                                "pagination_border_radius": {
                                                    "unit": "%",
                                                    "top": "50",
                                                    "right": "50",
                                                    "bottom": "50",
                                                    "left": "50",
                                                    "isLinked": true
                                                },
                                                "text_typography_font_family": "Karla",
                                                "text_typography_font_size": {
                                                    "unit": "px",
                                                    "size": 16,
                                                    "sizes": []
                                                },
                                                "text_typography_font_weight": "400",
                                                "text_typography_line_height": {
                                                    "unit": "em",
                                                    "size": 1.6799999999999999378275106209912337362766265869140625,
                                                    "sizes": []
                                                },
                                                "text_typography_letter_spacing": {
                                                    "unit": "px",
                                                    "size": 0,
                                                    "sizes": []
                                                },
                                                "pagination_typography_typography": "custom",
                                                "pagination_typography_font_family": "Karla",
                                                "pagination_typography_font_size": {
                                                    "unit": "px",
                                                    "size": 16,
                                                    "sizes": []
                                                },
                                                "pagination_typography_font_weight": "400",
                                                "pagination_typography_line_height": {
                                                    "unit": "em",
                                                    "size": 1,
                                                    "sizes": []
                                                },
                                                "pagination_bgcolor": "#FFFFFF",
                                                "pagination_color_hover": "#FFFFFF",
                                                "pagination_bgcolor_hover": "#EC398B"
                                            },
                                            "elements": [],
                                            "isInner": false,
                                            "widgetType": "tfposts",
                                            "elType": "widget"
                                        }
                                    ],
                                    "isInner": true,
                                    "elType": "column"
                                }
                            ],
                            "isInner": true,
                            "elType": "section"
                        }
                    ],
                    "isInner": false,
                    "elType": "column"
                }
            ],
            "isInner": false,
            "elType": "section"
        }
    ]
}