{
    "version": "0.4",
    "title": "Ovent Tab Pricing Box 01",
    "type": "section",
    "metadata": {
        "template_type": "section-pricing",
        "include_in_zip": "1",
        "elementor_pro_required": null,
        "wp_page_template": "elementor_header_footer"
    },
    "content": [
        {
            "id": "7aaba50d",
            "settings": {
                "structure": "30",
                "margin": {
                    "unit": "px",
                    "top": "0",
                    "right": 0,
                    "bottom": "0",
                    "left": 0,
                    "isLinked": false
                },
                "padding": {
                    "unit": "px",
                    "top": "0",
                    "right": "0",
                    "bottom": "0",
                    "left": "0",
                    "isLinked": false
                }
            },
            "elements": [
                {
                    "id": "27c84e65",
                    "settings": {
                        "_column_size": 33,
                        "_inline_size": null,
                        "_inline_size_tablet": 50,
                        "align": "center",
                        "background_background": "classic",
                        "margin": {
                            "unit": "px",
                            "top": "0",
                            "right": "19",
                            "bottom": "0",
                            "left": "0",
                            "isLinked": false
                        },
                        "margin_tablet": {
                            "unit": "px",
                            "top": "0",
                            "right": "20",
                            "bottom": "0",
                            "left": "0",
                            "isLinked": false
                        },
                        "margin_mobile": {
                            "unit": "px",
                            "top": "0",
                            "right": "0",
                            "bottom": "0",
                            "left": "0",
                            "isLinked": false
                        },
                        "padding": {
                            "unit": "px",
                            "top": "78",
                            "right": "61",
                            "bottom": "80",
                            "left": "61",
                            "isLinked": false
                        },
                        "padding_tablet": {
                            "unit": "px",
                            "top": "80",
                            "right": "50",
                            "bottom": "80",
                            "left": "50",
                            "isLinked": false
                        },
                        "padding_mobile": {
                            "unit": "px",
                            "top": "80",
                            "right": "25",
                            "bottom": "80",
                            "left": "25",
                            "isLinked": false
                        },
                        "__globals__": {
                            "background_color": "globals\/colors?id=5552072"
                        }
                    },
                    "elements": [
                        {
                            "id": "1485d9e0",
                            "settings": {
                                "title": "early bird",
                                "header_size": "h6",
                                "align": "center",
                                "_margin": {
                                    "unit": "px",
                                    "top": "0",
                                    "right": "0",
                                    "bottom": "0",
                                    "left": "0",
                                    "isLinked": false
                                },
                                "_padding": {
                                    "unit": "px",
                                    "top": "0",
                                    "right": "0",
                                    "bottom": "0",
                                    "left": "0",
                                    "isLinked": false
                                },
                                "__globals__": {
                                    "typography_typography": "globals\/typography?id=ce83960",
                                    "title_color": "globals\/colors?id=accent"
                                }
                            },
                            "elements": [],
                            "isInner": false,
                            "widgetType": "heading",
                            "elType": "widget"
                        },
                        {
                            "id": "53cb1272",
                            "settings": {
                                "title": "$",
                                "_margin": {
                                    "unit": "px",
                                    "top": "67",
                                    "right": "0",
                                    "bottom": "0",
                                    "left": "0",
                                    "isLinked": false
                                },
                                "_padding": {
                                    "unit": "px",
                                    "top": "0",
                                    "right": "0",
                                    "bottom": "0",
                                    "left": "0",
                                    "isLinked": false
                                },
                                "_element_width": "auto",
                                "__globals__": {
                                    "typography_typography": "globals\/typography?id=32abb00",
                                    "title_color": ""
                                },
                                "title_color": "#000637"
                            },
                            "elements": [],
                            "isInner": false,
                            "widgetType": "heading",
                            "elType": "widget"
                        },
                        {
                            "id": "290fafde",
                            "settings": {
                                "title": "45",
                                "_margin": {
                                    "unit": "px",
                                    "top": "14",
                                    "right": "0",
                                    "bottom": "0",
                                    "left": "0",
                                    "isLinked": false
                                },
                                "_padding": {
                                    "unit": "px",
                                    "top": "0",
                                    "right": "0",
                                    "bottom": "0",
                                    "left": "0",
                                    "isLinked": false
                                },
                                "_element_width": "auto",
                                "__globals__": {
                                    "typography_typography": "globals\/typography?id=86d2b0b",
                                    "title_color": ""
                                },
                                "title_color": "#000637"
                            },
                            "elements": [],
                            "isInner": false,
                            "widgetType": "heading",
                            "elType": "widget"
                        },
                        {
                            "id": "905149e",
                            "settings": {
                                "view": "inline",
                                "icon_list": [
                                    {
                                        "text": "Coffee",
                                        "selected_icon": {
                                            "value": "icon icon-Coffee-cup",
                                            "library": "ekiticons"
                                        },
                                        "_id": "96a605f"
                                    },
                                    {
                                        "text": "Video",
                                        "selected_icon": {
                                            "value": "icon icon-camera-video",
                                            "library": "ekiticons"
                                        },
                                        "_id": "714cc40"
                                    },
                                    {
                                        "text": "Gift",
                                        "selected_icon": {
                                            "value": "fas fa-box",
                                            "library": "fa-solid"
                                        },
                                        "_id": "1e7fd1f"
                                    }
                                ],
                                "space_between": {
                                    "unit": "px",
                                    "size": 32,
                                    "sizes": []
                                },
                                "icon_align": "center",
                                "divider": "yes",
                                "divider_weight": {
                                    "unit": "px",
                                    "size": 2,
                                    "sizes": []
                                },
                                "text_color": "#497898",
                                "text_indent": {
                                    "unit": "px",
                                    "size": 4,
                                    "sizes": []
                                },
                                "_margin": {
                                    "unit": "px",
                                    "top": "20",
                                    "right": "0",
                                    "bottom": "0",
                                    "left": "7",
                                    "isLinked": false
                                },
                                "_padding": {
                                    "unit": "px",
                                    "top": "0",
                                    "right": "0",
                                    "bottom": "0",
                                    "left": "0",
                                    "isLinked": false
                                },
                                "__globals__": {
                                    "text_color": "globals\/colors?id=text",
                                    "icon_typography_typography": "globals\/typography?id=9760dba",
                                    "icon_color": "globals\/colors?id=text",
                                    "divider_color": "globals\/colors?id=text"
                                }
                            },
                            "elements": [],
                            "isInner": false,
                            "widgetType": "icon-list",
                            "elType": "widget"
                        },
                        {
                            "id": "68133e56",
                            "settings": {
                                "text": "Divider",
                                "color": "#EBF4FF",
                                "gap": {
                                    "unit": "px",
                                    "size": 30,
                                    "sizes": []
                                },
                                "_margin": {
                                    "unit": "px",
                                    "top": "8",
                                    "right": "0",
                                    "bottom": "0",
                                    "left": "0",
                                    "isLinked": false
                                },
                                "_padding": {
                                    "unit": "px",
                                    "top": "0",
                                    "right": "0",
                                    "bottom": "0",
                                    "left": "0",
                                    "isLinked": false
                                }
                            },
                            "elements": [],
                            "isInner": false,
                            "widgetType": "divider",
                            "elType": "widget"
                        },
                        {
                            "id": "2b6ee866",
                            "settings": {
                                "editor": "<p>In order to save time you have to break down the content strategy for the event or conference.<\/p>",
                                "align": "center",
                                "text_color": "#497898",
                                "_margin": {
                                    "unit": "px",
                                    "top": "2",
                                    "right": "0",
                                    "bottom": "0",
                                    "left": "0",
                                    "isLinked": false
                                },
                                "_padding": {
                                    "unit": "px",
                                    "top": "0",
                                    "right": "0",
                                    "bottom": "0",
                                    "left": "0",
                                    "isLinked": false
                                },
                                "__globals__": {
                                    "typography_typography": "globals\/typography?id=accent",
                                    "text_color": "globals\/colors?id=text"
                                }
                            },
                            "elements": [],
                            "isInner": false,
                            "widgetType": "text-editor",
                            "elType": "widget"
                        },
                        {
                            "id": "3d663c48",
                            "settings": {
                                "text": "Buy Ticket",
                                "align": "center",
                                "selected_icon": {
                                    "value": "fas fa-ticket-alt",
                                    "library": "fa-solid"
                                },
                                "button_text_color": "#497898",
                                "background_color": "#FFFFFF00",
                                "hover_color": "#EC398B",
                                "border_border": "solid",
                                "border_width": {
                                    "unit": "px",
                                    "top": "2",
                                    "right": "2",
                                    "bottom": "2",
                                    "left": "2",
                                    "isLinked": true
                                },
                                "border_color": "#4884FF33",
                                "border_radius": {
                                    "unit": "px",
                                    "top": "0",
                                    "right": "0",
                                    "bottom": "0",
                                    "left": "0",
                                    "isLinked": true
                                },
                                "text_padding": {
                                    "unit": "px",
                                    "top": "18",
                                    "right": "48",
                                    "bottom": "21",
                                    "left": "48",
                                    "isLinked": false
                                },
                                "_margin": {
                                    "unit": "px",
                                    "top": "17",
                                    "right": "0",
                                    "bottom": "0",
                                    "left": "0",
                                    "isLinked": false
                                },
                                "_padding": {
                                    "unit": "px",
                                    "top": "0",
                                    "right": "0",
                                    "bottom": "0",
                                    "left": "0",
                                    "isLinked": false
                                },
                                "__globals__": {
                                    "border_color": "",
                                    "button_background_hover_color": "globals\/colors?id=accent",
                                    "hover_color": "globals\/colors?id=5552072",
                                    "button_text_color": "globals\/colors?id=text",
                                    "background_color": "",
                                    "button_hover_border_color": "globals\/colors?id=accent"
                                },
                                "_margin_mobile": {
                                    "unit": "px",
                                    "top": "20",
                                    "right": "0",
                                    "bottom": "0",
                                    "left": "0",
                                    "isLinked": false
                                }
                            },
                            "elements": [],
                            "isInner": false,
                            "widgetType": "button",
                            "elType": "widget"
                        }
                    ],
                    "isInner": false,
                    "elType": "column"
                },
                {
                    "id": "dec00e9",
                    "settings": {
                        "_column_size": 33,
                        "_inline_size": null,
                        "_inline_size_tablet": 50,
                        "align": "center",
                        "background_background": "classic",
                        "margin": {
                            "unit": "px",
                            "top": "0",
                            "right": "8",
                            "bottom": "0",
                            "left": "12",
                            "isLinked": false
                        },
                        "margin_tablet": {
                            "unit": "px",
                            "top": "0",
                            "right": "0",
                            "bottom": "0",
                            "left": "20",
                            "isLinked": false
                        },
                        "margin_mobile": {
                            "unit": "px",
                            "top": "30",
                            "right": "0",
                            "bottom": "0",
                            "left": "0",
                            "isLinked": false
                        },
                        "padding": {
                            "unit": "px",
                            "top": "78",
                            "right": "61",
                            "bottom": "80",
                            "left": "61",
                            "isLinked": false
                        },
                        "padding_tablet": {
                            "unit": "px",
                            "top": "80",
                            "right": "50",
                            "bottom": "80",
                            "left": "50",
                            "isLinked": false
                        },
                        "padding_mobile": {
                            "unit": "px",
                            "top": "80",
                            "right": "25",
                            "bottom": "80",
                            "left": "25",
                            "isLinked": false
                        },
                        "__globals__": {
                            "background_color": "globals\/colors?id=5552072"
                        }
                    },
                    "elements": [
                        {
                            "id": "1d2d5c26",
                            "settings": {
                                "title": "young team",
                                "header_size": "h6",
                                "align": "center",
                                "title_color": "#0072FF",
                                "_margin": {
                                    "unit": "px",
                                    "top": "0",
                                    "right": "0",
                                    "bottom": "0",
                                    "left": "0",
                                    "isLinked": false
                                },
                                "_padding": {
                                    "unit": "px",
                                    "top": "0",
                                    "right": "0",
                                    "bottom": "0",
                                    "left": "0",
                                    "isLinked": false
                                },
                                "__globals__": {
                                    "typography_typography": "globals\/typography?id=ce83960",
                                    "title_color": ""
                                }
                            },
                            "elements": [],
                            "isInner": false,
                            "widgetType": "heading",
                            "elType": "widget"
                        },
                        {
                            "id": "1ba66afb",
                            "settings": {
                                "title": "$",
                                "_margin": {
                                    "unit": "px",
                                    "top": "67",
                                    "right": "0",
                                    "bottom": "0",
                                    "left": "0",
                                    "isLinked": false
                                },
                                "_padding": {
                                    "unit": "px",
                                    "top": "0",
                                    "right": "0",
                                    "bottom": "0",
                                    "left": "0",
                                    "isLinked": false
                                },
                                "_element_width": "auto",
                                "__globals__": {
                                    "typography_typography": "globals\/typography?id=32abb00",
                                    "title_color": ""
                                },
                                "title_color": "#000637"
                            },
                            "elements": [],
                            "isInner": false,
                            "widgetType": "heading",
                            "elType": "widget"
                        },
                        {
                            "id": "76597eab",
                            "settings": {
                                "title": "399",
                                "_margin": {
                                    "unit": "px",
                                    "top": "14",
                                    "right": "0",
                                    "bottom": "0",
                                    "left": "0",
                                    "isLinked": false
                                },
                                "_padding": {
                                    "unit": "px",
                                    "top": "0",
                                    "right": "0",
                                    "bottom": "0",
                                    "left": "0",
                                    "isLinked": false
                                },
                                "_element_width": "auto",
                                "__globals__": {
                                    "typography_typography": "globals\/typography?id=86d2b0b",
                                    "title_color": ""
                                },
                                "title_color": "#000637"
                            },
                            "elements": [],
                            "isInner": false,
                            "widgetType": "heading",
                            "elType": "widget"
                        },
                        {
                            "id": "74f9f4f9",
                            "settings": {
                                "view": "inline",
                                "icon_list": [
                                    {
                                        "text": "Coffee",
                                        "selected_icon": {
                                            "value": "icon icon-Coffee-cup",
                                            "library": "ekiticons"
                                        },
                                        "_id": "96a605f"
                                    },
                                    {
                                        "text": "Video",
                                        "selected_icon": {
                                            "value": "icon icon-camera-video",
                                            "library": "ekiticons"
                                        },
                                        "_id": "714cc40"
                                    },
                                    {
                                        "text": "Gift",
                                        "selected_icon": {
                                            "value": "fas fa-box",
                                            "library": "fa-solid"
                                        },
                                        "_id": "1e7fd1f"
                                    }
                                ],
                                "space_between": {
                                    "unit": "px",
                                    "size": 32,
                                    "sizes": []
                                },
                                "icon_align": "center",
                                "divider": "yes",
                                "divider_weight": {
                                    "unit": "px",
                                    "size": 2,
                                    "sizes": []
                                },
                                "text_color": "#497898",
                                "text_indent": {
                                    "unit": "px",
                                    "size": 4,
                                    "sizes": []
                                },
                                "_margin": {
                                    "unit": "px",
                                    "top": "20",
                                    "right": "0",
                                    "bottom": "0",
                                    "left": "7",
                                    "isLinked": false
                                },
                                "_padding": {
                                    "unit": "px",
                                    "top": "0",
                                    "right": "0",
                                    "bottom": "0",
                                    "left": "0",
                                    "isLinked": false
                                },
                                "__globals__": {
                                    "text_color": "globals\/colors?id=text",
                                    "icon_typography_typography": "globals\/typography?id=9760dba",
                                    "icon_color": "globals\/colors?id=text",
                                    "divider_color": "globals\/colors?id=text"
                                }
                            },
                            "elements": [],
                            "isInner": false,
                            "widgetType": "icon-list",
                            "elType": "widget"
                        },
                        {
                            "id": "2cbdfa5a",
                            "settings": {
                                "text": "Divider",
                                "color": "#EBF4FF",
                                "gap": {
                                    "unit": "px",
                                    "size": 30,
                                    "sizes": []
                                },
                                "_margin": {
                                    "unit": "px",
                                    "top": "8",
                                    "right": "0",
                                    "bottom": "0",
                                    "left": "0",
                                    "isLinked": false
                                },
                                "_padding": {
                                    "unit": "px",
                                    "top": "0",
                                    "right": "0",
                                    "bottom": "0",
                                    "left": "0",
                                    "isLinked": false
                                }
                            },
                            "elements": [],
                            "isInner": false,
                            "widgetType": "divider",
                            "elType": "widget"
                        },
                        {
                            "id": "3afd6b29",
                            "settings": {
                                "editor": "<p>In order to save time you have to break down the content strategy for the event or conference.<\/p>",
                                "align": "center",
                                "text_color": "#497898",
                                "_margin": {
                                    "unit": "px",
                                    "top": "2",
                                    "right": "0",
                                    "bottom": "0",
                                    "left": "0",
                                    "isLinked": false
                                },
                                "_padding": {
                                    "unit": "px",
                                    "top": "0",
                                    "right": "0",
                                    "bottom": "0",
                                    "left": "0",
                                    "isLinked": false
                                },
                                "__globals__": {
                                    "typography_typography": "globals\/typography?id=accent",
                                    "text_color": "globals\/colors?id=text"
                                }
                            },
                            "elements": [],
                            "isInner": false,
                            "widgetType": "text-editor",
                            "elType": "widget"
                        },
                        {
                            "id": "e65eae",
                            "settings": {
                                "text": "Buy Ticket",
                                "align": "center",
                                "selected_icon": {
                                    "value": "fas fa-ticket-alt",
                                    "library": "fa-solid"
                                },
                                "button_text_color": "#497898",
                                "background_color": "#FFFFFF00",
                                "hover_color": "#EC398B",
                                "border_border": "solid",
                                "border_width": {
                                    "unit": "px",
                                    "top": "2",
                                    "right": "2",
                                    "bottom": "2",
                                    "left": "2",
                                    "isLinked": true
                                },
                                "border_color": "#4884FF33",
                                "border_radius": {
                                    "unit": "px",
                                    "top": "0",
                                    "right": "0",
                                    "bottom": "0",
                                    "left": "0",
                                    "isLinked": true
                                },
                                "text_padding": {
                                    "unit": "px",
                                    "top": "18",
                                    "right": "48",
                                    "bottom": "21",
                                    "left": "48",
                                    "isLinked": false
                                },
                                "_margin": {
                                    "unit": "px",
                                    "top": "17",
                                    "right": "0",
                                    "bottom": "0",
                                    "left": "0",
                                    "isLinked": false
                                },
                                "_padding": {
                                    "unit": "px",
                                    "top": "0",
                                    "right": "0",
                                    "bottom": "0",
                                    "left": "0",
                                    "isLinked": false
                                },
                                "__globals__": {
                                    "border_color": "",
                                    "button_background_hover_color": "globals\/colors?id=accent",
                                    "hover_color": "globals\/colors?id=5552072",
                                    "button_text_color": "globals\/colors?id=text",
                                    "background_color": "",
                                    "button_hover_border_color": "globals\/colors?id=accent"
                                },
                                "_margin_mobile": {
                                    "unit": "px",
                                    "top": "20",
                                    "right": "0",
                                    "bottom": "0",
                                    "left": "0",
                                    "isLinked": false
                                }
                            },
                            "elements": [],
                            "isInner": false,
                            "widgetType": "button",
                            "elType": "widget"
                        }
                    ],
                    "isInner": false,
                    "elType": "column"
                },
                {
                    "id": "51bbc630",
                    "settings": {
                        "_column_size": 33,
                        "_inline_size": null,
                        "_inline_size_tablet": 100,
                        "align": "center",
                        "background_background": "classic",
                        "margin": {
                            "unit": "px",
                            "top": "0",
                            "right": "-1",
                            "bottom": "0",
                            "left": "21",
                            "isLinked": false
                        },
                        "margin_tablet": {
                            "unit": "px",
                            "top": "30",
                            "right": "150",
                            "bottom": "0",
                            "left": "150",
                            "isLinked": false
                        },
                        "margin_mobile": {
                            "unit": "px",
                            "top": "30",
                            "right": "0",
                            "bottom": "0",
                            "left": "0",
                            "isLinked": false
                        },
                        "padding": {
                            "unit": "px",
                            "top": "78",
                            "right": "61",
                            "bottom": "80",
                            "left": "61",
                            "isLinked": false
                        },
                        "padding_mobile": {
                            "unit": "px",
                            "top": "80",
                            "right": "25",
                            "bottom": "80",
                            "left": "25",
                            "isLinked": false
                        },
                        "__globals__": {
                            "background_color": "globals\/colors?id=5552072"
                        }
                    },
                    "elements": [
                        {
                            "id": "2842b10c",
                            "settings": {
                                "title": "startup",
                                "header_size": "h6",
                                "align": "center",
                                "title_color": "#FFB74F",
                                "_margin": {
                                    "unit": "px",
                                    "top": "0",
                                    "right": "0",
                                    "bottom": "0",
                                    "left": "0",
                                    "isLinked": false
                                },
                                "_padding": {
                                    "unit": "px",
                                    "top": "0",
                                    "right": "0",
                                    "bottom": "0",
                                    "left": "0",
                                    "isLinked": false
                                },
                                "__globals__": {
                                    "typography_typography": "globals\/typography?id=ce83960",
                                    "title_color": ""
                                }
                            },
                            "elements": [],
                            "isInner": false,
                            "widgetType": "heading",
                            "elType": "widget"
                        },
                        {
                            "id": "1af2f52c",
                            "settings": {
                                "title": "$",
                                "_margin": {
                                    "unit": "px",
                                    "top": "67",
                                    "right": "0",
                                    "bottom": "0",
                                    "left": "0",
                                    "isLinked": false
                                },
                                "_padding": {
                                    "unit": "px",
                                    "top": "0",
                                    "right": "0",
                                    "bottom": "0",
                                    "left": "0",
                                    "isLinked": false
                                },
                                "_element_width": "auto",
                                "__globals__": {
                                    "typography_typography": "globals\/typography?id=32abb00",
                                    "title_color": ""
                                },
                                "title_color": "#000637"
                            },
                            "elements": [],
                            "isInner": false,
                            "widgetType": "heading",
                            "elType": "widget"
                        },
                        {
                            "id": "895075b",
                            "settings": {
                                "title": "999",
                                "_margin": {
                                    "unit": "px",
                                    "top": "14",
                                    "right": "0",
                                    "bottom": "0",
                                    "left": "0",
                                    "isLinked": false
                                },
                                "_padding": {
                                    "unit": "px",
                                    "top": "0",
                                    "right": "0",
                                    "bottom": "0",
                                    "left": "0",
                                    "isLinked": false
                                },
                                "_element_width": "auto",
                                "__globals__": {
                                    "typography_typography": "globals\/typography?id=86d2b0b",
                                    "title_color": ""
                                },
                                "title_color": "#000637"
                            },
                            "elements": [],
                            "isInner": false,
                            "widgetType": "heading",
                            "elType": "widget"
                        },
                        {
                            "id": "22b2b7e1",
                            "settings": {
                                "view": "inline",
                                "icon_list": [
                                    {
                                        "text": "Coffee",
                                        "selected_icon": {
                                            "value": "icon icon-Coffee-cup",
                                            "library": "ekiticons"
                                        },
                                        "_id": "96a605f"
                                    },
                                    {
                                        "text": "Video",
                                        "selected_icon": {
                                            "value": "icon icon-camera-video",
                                            "library": "ekiticons"
                                        },
                                        "_id": "714cc40"
                                    },
                                    {
                                        "text": "Gift",
                                        "selected_icon": {
                                            "value": "fas fa-box",
                                            "library": "fa-solid"
                                        },
                                        "_id": "1e7fd1f"
                                    }
                                ],
                                "space_between": {
                                    "unit": "px",
                                    "size": 32,
                                    "sizes": []
                                },
                                "icon_align": "center",
                                "divider": "yes",
                                "divider_weight": {
                                    "unit": "px",
                                    "size": 2,
                                    "sizes": []
                                },
                                "text_color": "#497898",
                                "text_indent": {
                                    "unit": "px",
                                    "size": 4,
                                    "sizes": []
                                },
                                "_margin": {
                                    "unit": "px",
                                    "top": "20",
                                    "right": "0",
                                    "bottom": "0",
                                    "left": "7",
                                    "isLinked": false
                                },
                                "_padding": {
                                    "unit": "px",
                                    "top": "0",
                                    "right": "0",
                                    "bottom": "0",
                                    "left": "0",
                                    "isLinked": false
                                },
                                "__globals__": {
                                    "text_color": "globals\/colors?id=text",
                                    "icon_typography_typography": "globals\/typography?id=9760dba",
                                    "icon_color": "globals\/colors?id=text",
                                    "divider_color": "globals\/colors?id=text"
                                }
                            },
                            "elements": [],
                            "isInner": false,
                            "widgetType": "icon-list",
                            "elType": "widget"
                        },
                        {
                            "id": "b0ec9b0",
                            "settings": {
                                "text": "Divider",
                                "color": "#EBF4FF",
                                "gap": {
                                    "unit": "px",
                                    "size": 30,
                                    "sizes": []
                                },
                                "_margin": {
                                    "unit": "px",
                                    "top": "8",
                                    "right": "0",
                                    "bottom": "0",
                                    "left": "0",
                                    "isLinked": false
                                },
                                "_padding": {
                                    "unit": "px",
                                    "top": "0",
                                    "right": "0",
                                    "bottom": "0",
                                    "left": "0",
                                    "isLinked": false
                                }
                            },
                            "elements": [],
                            "isInner": false,
                            "widgetType": "divider",
                            "elType": "widget"
                        },
                        {
                            "id": "73f70447",
                            "settings": {
                                "editor": "<p>In order to save time you have to break down the content strategy for the event or conference.<\/p>",
                                "align": "center",
                                "text_color": "#497898",
                                "_margin": {
                                    "unit": "px",
                                    "top": "2",
                                    "right": "0",
                                    "bottom": "0",
                                    "left": "0",
                                    "isLinked": false
                                },
                                "_padding": {
                                    "unit": "px",
                                    "top": "0",
                                    "right": "0",
                                    "bottom": "0",
                                    "left": "0",
                                    "isLinked": false
                                },
                                "__globals__": {
                                    "typography_typography": "globals\/typography?id=accent",
                                    "text_color": "globals\/colors?id=text"
                                }
                            },
                            "elements": [],
                            "isInner": false,
                            "widgetType": "text-editor",
                            "elType": "widget"
                        },
                        {
                            "id": "7bfbda74",
                            "settings": {
                                "text": "Buy Ticket",
                                "align": "center",
                                "selected_icon": {
                                    "value": "fas fa-ticket-alt",
                                    "library": "fa-solid"
                                },
                                "button_text_color": "#497898",
                                "background_color": "#FFFFFF00",
                                "hover_color": "#EC398B",
                                "border_border": "solid",
                                "border_width": {
                                    "unit": "px",
                                    "top": "2",
                                    "right": "2",
                                    "bottom": "2",
                                    "left": "2",
                                    "isLinked": true
                                },
                                "border_color": "#4884FF33",
                                "border_radius": {
                                    "unit": "px",
                                    "top": "0",
                                    "right": "0",
                                    "bottom": "0",
                                    "left": "0",
                                    "isLinked": true
                                },
                                "text_padding": {
                                    "unit": "px",
                                    "top": "18",
                                    "right": "48",
                                    "bottom": "21",
                                    "left": "48",
                                    "isLinked": false
                                },
                                "_margin": {
                                    "unit": "px",
                                    "top": "17",
                                    "right": "0",
                                    "bottom": "0",
                                    "left": "0",
                                    "isLinked": false
                                },
                                "_padding": {
                                    "unit": "px",
                                    "top": "0",
                                    "right": "0",
                                    "bottom": "0",
                                    "left": "0",
                                    "isLinked": false
                                },
                                "__globals__": {
                                    "border_color": "",
                                    "button_background_hover_color": "globals\/colors?id=accent",
                                    "hover_color": "globals\/colors?id=5552072",
                                    "button_text_color": "globals\/colors?id=text",
                                    "background_color": "",
                                    "button_hover_border_color": "globals\/colors?id=accent"
                                },
                                "_margin_mobile": {
                                    "unit": "px",
                                    "top": "20",
                                    "right": "0",
                                    "bottom": "0",
                                    "left": "0",
                                    "isLinked": false
                                }
                            },
                            "elements": [],
                            "isInner": false,
                            "widgetType": "button",
                            "elType": "widget"
                        }
                    ],
                    "isInner": false,
                    "elType": "column"
                }
            ],
            "isInner": false,
            "elType": "section"
        }
    ]
}