{
    "version": "0.4",
    "title": "Ovent Form Contact Main",
    "type": "section",
    "metadata": {
        "template_type": "section-contact",
        "include_in_zip": "1",
        "elementor_pro_required": null,
        "wp_page_template": "elementor_header_footer"
    },
    "content": [
        {
            "id": "6a29d75",
            "settings": {
                "margin": {
                    "unit": "px",
                    "top": "0",
                    "right": 0,
                    "bottom": "0",
                    "left": 0,
                    "isLinked": false
                },
                "padding": {
                    "unit": "px",
                    "top": "0",
                    "right": "0",
                    "bottom": "0",
                    "left": "0",
                    "isLinked": false
                }
            },
            "elements": [
                {
                    "id": "4632848e",
                    "settings": {
                        "_column_size": 100,
                        "_inline_size": null,
                        "margin": {
                            "unit": "px",
                            "top": "0",
                            "right": "0",
                            "bottom": "0",
                            "left": "0",
                            "isLinked": false
                        },
                        "padding": {
                            "unit": "px",
                            "top": "0",
                            "right": "0",
                            "bottom": "0",
                            "left": "0",
                            "isLinked": false
                        }
                    },
                    "elements": [
                        {
                            "id": "726b2f4",
                            "settings": {
                                "margin": {
                                    "unit": "px",
                                    "top": "0",
                                    "right": 0,
                                    "bottom": "0",
                                    "left": 0,
                                    "isLinked": false
                                },
                                "padding": {
                                    "unit": "px",
                                    "top": "0",
                                    "right": "0",
                                    "bottom": "0",
                                    "left": "0",
                                    "isLinked": false
                                }
                            },
                            "elements": [
                                {
                                    "id": "554b64e2",
                                    "settings": {
                                        "_column_size": 100,
                                        "_inline_size": null,
                                        "margin": {
                                            "unit": "px",
                                            "top": "0",
                                            "right": "0",
                                            "bottom": "0",
                                            "left": "0",
                                            "isLinked": false
                                        },
                                        "padding": {
                                            "unit": "px",
                                            "top": "0",
                                            "right": "0",
                                            "bottom": "0",
                                            "left": "0",
                                            "isLinked": false
                                        }
                                    },
                                    "elements": [
                                        {
                                            "id": "5ee3c642",
                                            "settings": {
                                                "mf_input_label": "",
                                                "mf_input_name": "mf-text",
                                                "mf_input_placeholder": "Enter your name",
                                                "mf_input_validation_warning_message": "This field is required.",
                                                "mf_input_label_padding": {
                                                    "unit": "px",
                                                    "top": "0",
                                                    "right": "0",
                                                    "bottom": "0",
                                                    "left": "0",
                                                    "isLinked": false
                                                },
                                                "mf_input_label_margin": {
                                                    "unit": "px",
                                                    "top": "0",
                                                    "right": "0",
                                                    "bottom": "0",
                                                    "left": "0",
                                                    "isLinked": false
                                                },
                                                "mf_input_padding": {
                                                    "unit": "px",
                                                    "top": "22",
                                                    "right": "30",
                                                    "bottom": "23",
                                                    "left": "40",
                                                    "isLinked": false
                                                },
                                                "mf_input_margin": {
                                                    "unit": "px",
                                                    "top": "0",
                                                    "right": "0",
                                                    "bottom": "0",
                                                    "left": "0",
                                                    "isLinked": false
                                                },
                                                "mf_input_color": "#5773A1",
                                                "mf_input_background_background": "classic",
                                                "mf_input_background_color": "#FFF6F600",
                                                "mf_input_place_holder_typography_typography": "custom",
                                                "mf_input_place_holder_typography_font_family": "Karla",
                                                "mf_input_place_holder_typography_font_size": {
                                                    "unit": "px",
                                                    "size": 16,
                                                    "sizes": []
                                                },
                                                "mf_input_place_holder_typography_font_weight": "400",
                                                "mf_input_place_holder_typography_line_height": {
                                                    "unit": "em",
                                                    "size": 1,
                                                    "sizes": []
                                                },
                                                "mf_input_placeholder_color": "#5773A1",
                                                "__globals__": {
                                                    "mf_input_color": "",
                                                    "mf_input_place_holder_typography_typography": ""
                                                },
                                                "mf_input_label_status": "",
                                                "mf_input_required": "yes"
                                            },
                                            "elements": [],
                                            "isInner": false,
                                            "widgetType": "mf-text",
                                            "elType": "widget"
                                        },
                                        {
                                            "id": "5dd8543f",
                                            "settings": {
                                                "selected_icon": {
                                                    "value": "far fa-user",
                                                    "library": "fa-regular"
                                                },
                                                "size": {
                                                    "unit": "px",
                                                    "size": 16,
                                                    "sizes": []
                                                },
                                                "_element_width": "auto",
                                                "_position": "absolute",
                                                "_offset_orientation_h": "end",
                                                "_offset_x_end": {
                                                    "unit": "px",
                                                    "size": 40,
                                                    "sizes": []
                                                },
                                                "_offset_y": {
                                                    "unit": "px",
                                                    "size": 25,
                                                    "sizes": []
                                                },
                                                "__globals__": {
                                                    "primary_color": "globals\/colors?id=accent"
                                                }
                                            },
                                            "elements": [],
                                            "isInner": false,
                                            "widgetType": "icon",
                                            "elType": "widget"
                                        }
                                    ],
                                    "isInner": true,
                                    "elType": "column"
                                }
                            ],
                            "isInner": true,
                            "elType": "section"
                        },
                        {
                            "id": "5e8e0a29",
                            "settings": {
                                "margin": {
                                    "unit": "px",
                                    "top": "20",
                                    "right": 0,
                                    "bottom": "0",
                                    "left": 0,
                                    "isLinked": false
                                },
                                "padding": {
                                    "unit": "px",
                                    "top": "0",
                                    "right": "0",
                                    "bottom": "0",
                                    "left": "0",
                                    "isLinked": false
                                }
                            },
                            "elements": [
                                {
                                    "id": "132efbb4",
                                    "settings": {
                                        "_column_size": 100,
                                        "_inline_size": null,
                                        "margin": {
                                            "unit": "px",
                                            "top": "0",
                                            "right": "0",
                                            "bottom": "0",
                                            "left": "0",
                                            "isLinked": false
                                        },
                                        "padding": {
                                            "unit": "px",
                                            "top": "0",
                                            "right": "0",
                                            "bottom": "0",
                                            "left": "0",
                                            "isLinked": false
                                        }
                                    },
                                    "elements": [
                                        {
                                            "id": "2f2d678a",
                                            "settings": {
                                                "mf_input_label": "",
                                                "mf_input_name": "mf-email",
                                                "mf_input_placeholder": "Enter your email",
                                                "mf_input_validation_warning_message": "This field is required.",
                                                "mf_input_label_padding": {
                                                    "unit": "px",
                                                    "top": "0",
                                                    "right": "0",
                                                    "bottom": "0",
                                                    "left": "0",
                                                    "isLinked": false
                                                },
                                                "mf_input_label_margin": {
                                                    "unit": "px",
                                                    "top": "0",
                                                    "right": "0",
                                                    "bottom": "0",
                                                    "left": "0",
                                                    "isLinked": false
                                                },
                                                "mf_input_padding": {
                                                    "unit": "px",
                                                    "top": "22",
                                                    "right": "30",
                                                    "bottom": "26",
                                                    "left": "40",
                                                    "isLinked": false
                                                },
                                                "mf_input_margin": {
                                                    "unit": "px",
                                                    "top": "0",
                                                    "right": "0",
                                                    "bottom": "0",
                                                    "left": "0",
                                                    "isLinked": false
                                                },
                                                "mf_input_color": "#5773A1",
                                                "mf_input_background_background": "classic",
                                                "mf_input_background_color": "#FFF6F600",
                                                "mf_input_place_holder_typography_typography": "custom",
                                                "mf_input_place_holder_typography_font_family": "Karla",
                                                "mf_input_place_holder_typography_font_size": {
                                                    "unit": "px",
                                                    "size": 16,
                                                    "sizes": []
                                                },
                                                "mf_input_place_holder_typography_font_weight": "400",
                                                "mf_input_place_holder_typography_line_height": {
                                                    "unit": "em",
                                                    "size": 1,
                                                    "sizes": []
                                                },
                                                "mf_input_placeholder_color": "#5773A1",
                                                "__globals__": {
                                                    "mf_input_color": "",
                                                    "mf_input_place_holder_typography_typography": ""
                                                },
                                                "mf_input_label_status": "",
                                                "mf_input_required": "yes"
                                            },
                                            "elements": [],
                                            "isInner": false,
                                            "widgetType": "mf-email",
                                            "elType": "widget"
                                        },
                                        {
                                            "id": "77ef4bdc",
                                            "settings": {
                                                "selected_icon": {
                                                    "value": "far fa-envelope",
                                                    "library": "fa-regular"
                                                },
                                                "size": {
                                                    "unit": "px",
                                                    "size": 16,
                                                    "sizes": []
                                                },
                                                "_element_width": "auto",
                                                "_position": "absolute",
                                                "_offset_orientation_h": "end",
                                                "_offset_x_end": {
                                                    "unit": "px",
                                                    "size": 40,
                                                    "sizes": []
                                                },
                                                "_offset_y": {
                                                    "unit": "px",
                                                    "size": 28,
                                                    "sizes": []
                                                },
                                                "__globals__": {
                                                    "primary_color": "globals\/colors?id=accent"
                                                }
                                            },
                                            "elements": [],
                                            "isInner": false,
                                            "widgetType": "icon",
                                            "elType": "widget"
                                        }
                                    ],
                                    "isInner": true,
                                    "elType": "column"
                                }
                            ],
                            "isInner": true,
                            "elType": "section"
                        },
                        {
                            "id": "1e73307f",
                            "settings": {
                                "margin": {
                                    "unit": "px",
                                    "top": "20",
                                    "right": 0,
                                    "bottom": "0",
                                    "left": 0,
                                    "isLinked": false
                                },
                                "padding": {
                                    "unit": "px",
                                    "top": "0",
                                    "right": "0",
                                    "bottom": "0",
                                    "left": "0",
                                    "isLinked": false
                                }
                            },
                            "elements": [
                                {
                                    "id": "32782101",
                                    "settings": {
                                        "_column_size": 100,
                                        "_inline_size": null,
                                        "margin": {
                                            "unit": "px",
                                            "top": "0",
                                            "right": "0",
                                            "bottom": "0",
                                            "left": "0",
                                            "isLinked": false
                                        },
                                        "padding": {
                                            "unit": "px",
                                            "top": "0",
                                            "right": "0",
                                            "bottom": "0",
                                            "left": "0",
                                            "isLinked": false
                                        }
                                    },
                                    "elements": [
                                        {
                                            "id": "203a9345",
                                            "settings": {
                                                "mf_input_label": "",
                                                "mf_input_name": "mf-text",
                                                "mf_input_placeholder": "Enter your message",
                                                "mf_input_validation_warning_message": "This field is required.",
                                                "mf_input_label_padding": {
                                                    "unit": "px",
                                                    "top": "0",
                                                    "right": "0",
                                                    "bottom": "0",
                                                    "left": "0",
                                                    "isLinked": false
                                                },
                                                "mf_input_label_margin": {
                                                    "unit": "px",
                                                    "top": "0",
                                                    "right": "0",
                                                    "bottom": "0",
                                                    "left": "0",
                                                    "isLinked": false
                                                },
                                                "mf_input_padding": {
                                                    "unit": "px",
                                                    "top": "22",
                                                    "right": "30",
                                                    "bottom": "125",
                                                    "left": "40",
                                                    "isLinked": false
                                                },
                                                "mf_input_margin": {
                                                    "unit": "px",
                                                    "top": "0",
                                                    "right": "0",
                                                    "bottom": "0",
                                                    "left": "0",
                                                    "isLinked": false
                                                },
                                                "mf_input_color": "#5773A1",
                                                "mf_input_background_background": "classic",
                                                "mf_input_background_color": "#FFF6F600",
                                                "mf_input_place_holder_typography_typography": "custom",
                                                "mf_input_place_holder_typography_font_family": "Karla",
                                                "mf_input_place_holder_typography_font_size": {
                                                    "unit": "px",
                                                    "size": 16,
                                                    "sizes": []
                                                },
                                                "mf_input_place_holder_typography_font_weight": "400",
                                                "mf_input_place_holder_typography_line_height": {
                                                    "unit": "em",
                                                    "size": 1,
                                                    "sizes": []
                                                },
                                                "mf_input_placeholder_color": "#5773A1",
                                                "__globals__": {
                                                    "mf_input_color": "",
                                                    "mf_input_place_holder_typography_typography": ""
                                                },
                                                "mf_input_label_status": "",
                                                "mf_input_required": "yes"
                                            },
                                            "elements": [],
                                            "isInner": false,
                                            "widgetType": "mf-text",
                                            "elType": "widget"
                                        },
                                        {
                                            "id": "75820b7",
                                            "settings": {
                                                "selected_icon": {
                                                    "value": "fas fa-pencil-alt",
                                                    "library": "fa-solid"
                                                },
                                                "size": {
                                                    "unit": "px",
                                                    "size": 16,
                                                    "sizes": []
                                                },
                                                "_element_width": "auto",
                                                "_position": "absolute",
                                                "_offset_orientation_h": "end",
                                                "_offset_x_end": {
                                                    "unit": "px",
                                                    "size": 40,
                                                    "sizes": []
                                                },
                                                "_offset_y": {
                                                    "unit": "px",
                                                    "size": 27,
                                                    "sizes": []
                                                },
                                                "__globals__": {
                                                    "primary_color": "globals\/colors?id=accent"
                                                }
                                            },
                                            "elements": [],
                                            "isInner": false,
                                            "widgetType": "icon",
                                            "elType": "widget"
                                        }
                                    ],
                                    "isInner": true,
                                    "elType": "column"
                                }
                            ],
                            "isInner": true,
                            "elType": "section"
                        },
                        {
                            "id": "43feff0",
                            "settings": {
                                "margin": {
                                    "unit": "px",
                                    "top": "20",
                                    "right": 0,
                                    "bottom": "0",
                                    "left": 0,
                                    "isLinked": false
                                },
                                "padding": {
                                    "unit": "px",
                                    "top": "0",
                                    "right": "0",
                                    "bottom": "0",
                                    "left": "0",
                                    "isLinked": false
                                }
                            },
                            "elements": [
                                {
                                    "id": "47f18c2a",
                                    "settings": {
                                        "_column_size": 100,
                                        "_inline_size": null,
                                        "margin": {
                                            "unit": "px",
                                            "top": "0",
                                            "right": "0",
                                            "bottom": "0",
                                            "left": "0",
                                            "isLinked": false
                                        },
                                        "padding": {
                                            "unit": "px",
                                            "top": "0",
                                            "right": "0",
                                            "bottom": "0",
                                            "left": "0",
                                            "isLinked": false
                                        }
                                    },
                                    "elements": [
                                        {
                                            "id": "1aad9bc2",
                                            "settings": {
                                                "mf_btn_text": "Submit Now",
                                                "mf_btn_align": "left",
                                                "mf_hidden_input": [],
                                                "mf_btn_text_padding": {
                                                    "unit": "px",
                                                    "top": "28",
                                                    "right": "60",
                                                    "bottom": "26",
                                                    "left": "61",
                                                    "isLinked": false
                                                },
                                                "mf_btn_bg_color_background": "classic",
                                                "mf_btn_bg_hover_color_background": "classic",
                                                "mf_btn_border_radius": {
                                                    "unit": "px",
                                                    "top": "0",
                                                    "right": "0",
                                                    "bottom": "0",
                                                    "left": "0",
                                                    "isLinked": true
                                                },
                                                "__globals__": {
                                                    "mf_btn_typography_typography": "globals\/typography?id=bfab488",
                                                    "mf_btn_text_color": "globals\/colors?id=5552072",
                                                    "mf_btn_bg_color_color": "globals\/colors?id=accent",
                                                    "mf_btn_bg_hover_color_color": "globals\/colors?id=e24c235"
                                                },
                                                "_margin": {
                                                    "unit": "px",
                                                    "top": "11",
                                                    "right": "0",
                                                    "bottom": "0",
                                                    "left": "0",
                                                    "isLinked": false
                                                },
                                                "_padding": {
                                                    "unit": "px",
                                                    "top": "0",
                                                    "right": "0",
                                                    "bottom": "0",
                                                    "left": "0",
                                                    "isLinked": false
                                                }
                                            },
                                            "elements": [],
                                            "isInner": false,
                                            "widgetType": "mf-button",
                                            "elType": "widget"
                                        }
                                    ],
                                    "isInner": true,
                                    "elType": "column"
                                }
                            ],
                            "isInner": true,
                            "elType": "section"
                        }
                    ],
                    "isInner": false,
                    "elType": "column"
                }
            ],
            "isInner": false,
            "elType": "section"
        }
    ]
}