{
    "version": "0.4",
    "title": "Shedules",
    "type": "section",
    "metadata": {
        "template_type": "section-other",
        "include_in_zip": "1",
        "elementor_pro_required": null,
        "wp_page_template": "elementor_header_footer"
    },
    "content": [
        {
            "id": "33a1efb2",
            "settings": {
                "background_background": "classic",
                "background_image": {
                    "id": "35",
                    "url": "http:\/\/demothemesflat.co\/oventkit\/wp-content\/uploads\/2023\/03\/img_bg_pages-GNNym8-DDG4-unsplash.jpg"
                },
                "background_position": "center center",
                "background_repeat": "no-repeat",
                "background_size": "cover",
                "background_overlay_background": "classic",
                "background_overlay_color": "#3813C2",
                "background_overlay_opacity": {
                    "unit": "px",
                    "size": 0.90200000000000002398081733190338127315044403076171875,
                    "sizes": []
                },
                "margin": {
                    "unit": "px",
                    "top": "-165",
                    "right": 0,
                    "bottom": "0",
                    "left": 0,
                    "isLinked": false
                },
                "padding": {
                    "unit": "px",
                    "top": "353",
                    "right": "0",
                    "bottom": "168",
                    "left": "0",
                    "isLinked": false
                }
            },
            "elements": [
                {
                    "id": "67502ba4",
                    "settings": {
                        "_column_size": 100,
                        "_inline_size": null,
                        "margin": {
                            "unit": "px",
                            "top": "0",
                            "right": "0",
                            "bottom": "0",
                            "left": "0",
                            "isLinked": false
                        },
                        "padding": {
                            "unit": "px",
                            "top": "0",
                            "right": "0",
                            "bottom": "0",
                            "left": "0",
                            "isLinked": false
                        }
                    },
                    "elements": [
                        {
                            "id": "44394812",
                            "settings": {
                                "title": "Our Shedules",
                                "align": "center",
                                "_margin": {
                                    "unit": "px",
                                    "top": "0",
                                    "right": "0",
                                    "bottom": "0",
                                    "left": "0",
                                    "isLinked": false
                                },
                                "_padding": {
                                    "unit": "px",
                                    "top": "0",
                                    "right": "0",
                                    "bottom": "0",
                                    "left": "0",
                                    "isLinked": false
                                },
                                "__globals__": {
                                    "title_color": ""
                                },
                                "_animation_tablet": "fadeInUp",
                                "title_color": "#FFFFFF"
                            },
                            "elements": [],
                            "isInner": false,
                            "widgetType": "heading",
                            "elType": "widget"
                        },
                        {
                            "id": "4ea7dea1",
                            "settings": {
                                "view": "inline",
                                "icon_list": [
                                    {
                                        "text": "Home",
                                        "selected_icon": {
                                            "value": "",
                                            "library": ""
                                        },
                                        "_id": "ed5b457"
                                    },
                                    {
                                        "text": "Shedules",
                                        "selected_icon": {
                                            "value": "",
                                            "library": ""
                                        },
                                        "_id": "fd4eeb0"
                                    }
                                ],
                                "space_between": {
                                    "unit": "px",
                                    "size": 22,
                                    "sizes": []
                                },
                                "icon_align": "center",
                                "divider": "yes",
                                "divider_weight": {
                                    "unit": "px",
                                    "size": 2,
                                    "sizes": []
                                },
                                "divider_height": {
                                    "unit": "px",
                                    "size": 25,
                                    "sizes": []
                                },
                                "divider_color": "#FFFFFF",
                                "text_color": "#FFFFFF",
                                "_margin": {
                                    "unit": "px",
                                    "top": "28",
                                    "right": "0",
                                    "bottom": "0",
                                    "left": "0",
                                    "isLinked": false
                                },
                                "_padding": {
                                    "unit": "px",
                                    "top": "0",
                                    "right": "0",
                                    "bottom": "0",
                                    "left": "0",
                                    "isLinked": false
                                },
                                "__globals__": {
                                    "text_color": "globals\/colors?id=5552072",
                                    "divider_color": "globals\/colors?id=5552072",
                                    "icon_typography_typography": "globals\/typography?id=3216bf6"
                                },
                                "_animation_tablet": "fadeInUp"
                            },
                            "elements": [],
                            "isInner": false,
                            "widgetType": "icon-list",
                            "elType": "widget"
                        }
                    ],
                    "isInner": false,
                    "elType": "column"
                }
            ],
            "isInner": false,
            "elType": "section"
        },
        {
            "id": "4ce43e40",
            "settings": {
                "margin": {
                    "unit": "px",
                    "top": "0",
                    "right": 0,
                    "bottom": "0",
                    "left": 0,
                    "isLinked": false
                },
                "padding": {
                    "unit": "px",
                    "top": "120",
                    "right": "0",
                    "bottom": "121",
                    "left": "0",
                    "isLinked": false
                }
            },
            "elements": [
                {
                    "id": "dbab46d",
                    "settings": {
                        "_column_size": 100,
                        "_inline_size": null,
                        "margin": {
                            "unit": "px",
                            "top": "0",
                            "right": "0",
                            "bottom": "0",
                            "left": "0",
                            "isLinked": false
                        },
                        "padding": {
                            "unit": "px",
                            "top": "0",
                            "right": "0",
                            "bottom": "0",
                            "left": "0",
                            "isLinked": false
                        },
                        "padding_tablet": {
                            "unit": "px",
                            "top": "0",
                            "right": "30",
                            "bottom": "0",
                            "left": "30",
                            "isLinked": false
                        },
                        "padding_mobile": {
                            "unit": "px",
                            "top": "0",
                            "right": "15",
                            "bottom": "0",
                            "left": "15",
                            "isLinked": false
                        }
                    },
                    "elements": [
                        {
                            "id": "7c8381ac",
                            "settings": {
                                "margin": {
                                    "unit": "px",
                                    "top": "0",
                                    "right": 0,
                                    "bottom": "0",
                                    "left": 0,
                                    "isLinked": false
                                },
                                "padding": {
                                    "unit": "px",
                                    "top": "0",
                                    "right": "0",
                                    "bottom": "0",
                                    "left": "0",
                                    "isLinked": false
                                }
                            },
                            "elements": [
                                {
                                    "id": "66b69363",
                                    "settings": {
                                        "_column_size": 100,
                                        "_inline_size": null,
                                        "margin": {
                                            "unit": "px",
                                            "top": "0",
                                            "right": "0",
                                            "bottom": "0",
                                            "left": "0",
                                            "isLinked": false
                                        },
                                        "padding": {
                                            "unit": "px",
                                            "top": "0",
                                            "right": "0",
                                            "bottom": "0",
                                            "left": "0",
                                            "isLinked": false
                                        },
                                        "align": "center"
                                    },
                                    "elements": [
                                        {
                                            "id": "678d4f2d",
                                            "settings": {
                                                "tab_list": [
                                                    {
                                                        "list_title": "Fourth Day",
                                                        "_id": "c4eef45",
                                                        "icon_tabs": {
                                                            "value": "icon icon-star2",
                                                            "library": "ekiticons"
                                                        },
                                                        "image": {
                                                            "url": "",
                                                            "id": "",
                                                            "size": ""
                                                        },
                                                        "list_content_text_type": "template",
                                                        "list_content_template": "ovent-tab-schedule-box-01"
                                                    },
                                                    {
                                                        "list_title": "Third Day",
                                                        "icon_tabs": {
                                                            "value": "icon icon-star2",
                                                            "library": "ekiticons"
                                                        },
                                                        "image": {
                                                            "url": "",
                                                            "id": "",
                                                            "size": ""
                                                        },
                                                        "list_content_text_type": "template",
                                                        "list_content_template": "ovent-tab-schedule-box-01",
                                                        "_id": "20d961d"
                                                    },
                                                    {
                                                        "list_title": "Second Day",
                                                        "icon_tabs": {
                                                            "value": "icon icon-star2",
                                                            "library": "ekiticons"
                                                        },
                                                        "image": {
                                                            "url": "",
                                                            "id": "",
                                                            "size": ""
                                                        },
                                                        "list_content_text_type": "template",
                                                        "list_content_template": "ovent-tab-schedule-box-01",
                                                        "_id": "5988992"
                                                    },
                                                    {
                                                        "list_title": "First Day",
                                                        "icon_tabs": {
                                                            "value": "icon icon-star2",
                                                            "library": "ekiticons"
                                                        },
                                                        "image": {
                                                            "url": "",
                                                            "id": "",
                                                            "size": ""
                                                        },
                                                        "list_content_text_type": "template",
                                                        "list_content_template": "ovent-tab-schedule-box-01",
                                                        "_id": "1ce478c"
                                                    }
                                                ],
                                                "wrap_nav_padding": {
                                                    "unit": "px",
                                                    "top": "0",
                                                    "right": "0",
                                                    "bottom": "0",
                                                    "left": "0",
                                                    "isLinked": false
                                                },
                                                "wrap_nav_margin": {
                                                    "unit": "px",
                                                    "top": "0",
                                                    "right": "0",
                                                    "bottom": "0",
                                                    "left": "0",
                                                    "isLinked": false
                                                },
                                                "title_padding": {
                                                    "unit": "px",
                                                    "top": "15",
                                                    "right": "15",
                                                    "bottom": "15",
                                                    "left": "15",
                                                    "isLinked": false
                                                },
                                                "title_margin": {
                                                    "unit": "px",
                                                    "top": "0",
                                                    "right": "15",
                                                    "bottom": "30",
                                                    "left": "15",
                                                    "isLinked": false
                                                },
                                                "title_background_color_background": "classic",
                                                "title_background_color_color": "#FFFFFF00",
                                                "title_border_border": "solid",
                                                "title_border_width": {
                                                    "unit": "px",
                                                    "top": "2",
                                                    "right": "2",
                                                    "bottom": "2",
                                                    "left": "2",
                                                    "isLinked": false
                                                },
                                                "title_background_color_hover_background": "classic",
                                                "title_background_color_hover_color": "#EC398B",
                                                "title_border_hover_border": "solid",
                                                "title_border_hover_width": {
                                                    "unit": "px",
                                                    "top": "2",
                                                    "right": "2",
                                                    "bottom": "2",
                                                    "left": "2",
                                                    "isLinked": false
                                                },
                                                "title_background_color_active_background": "classic",
                                                "title_background_color_active_color": "#EC398B",
                                                "title_border_active_border": "solid",
                                                "title_border_active_width": {
                                                    "unit": "px",
                                                    "top": "2",
                                                    "right": "2",
                                                    "bottom": "2",
                                                    "left": "2",
                                                    "isLinked": false
                                                },
                                                "content_entrance_animation": "fadeInUp",
                                                "__globals__": {
                                                    "title_background_color_hover_color": "globals\/colors?id=accent",
                                                    "title_background_color_active_color": "globals\/colors?id=accent",
                                                    "title_background_color_color": "",
                                                    "title_border_color": "globals\/colors?id=c524631",
                                                    "title_border_hover_color": "globals\/colors?id=accent",
                                                    "title_border_active_color": "globals\/colors?id=accent",
                                                    "triger_color": "globals\/colors?id=accent",
                                                    "title_color": "globals\/colors?id=primary",
                                                    "icon_color": "globals\/colors?id=accent",
                                                    "title_typography_typography": "globals\/typography?id=primary"
                                                },
                                                "icon_size": {
                                                    "unit": "px",
                                                    "size": 20,
                                                    "sizes": []
                                                },
                                                "content_padding": {
                                                    "unit": "px",
                                                    "top": "0",
                                                    "right": "0",
                                                    "bottom": "0",
                                                    "left": "0",
                                                    "isLinked": false
                                                },
                                                "content_margin": {
                                                    "unit": "px",
                                                    "top": "9",
                                                    "right": "0",
                                                    "bottom": "0",
                                                    "left": "0",
                                                    "isLinked": false
                                                },
                                                "_margin": {
                                                    "unit": "px",
                                                    "top": "0",
                                                    "right": "0",
                                                    "bottom": "0",
                                                    "left": "0",
                                                    "isLinked": false
                                                },
                                                "_padding": {
                                                    "unit": "px",
                                                    "top": "0",
                                                    "right": "0",
                                                    "bottom": "0",
                                                    "left": "0",
                                                    "isLinked": false
                                                },
                                                "wrap_nav_margin_tablet": {
                                                    "unit": "px",
                                                    "top": "0",
                                                    "right": "0",
                                                    "bottom": "0",
                                                    "left": "0",
                                                    "isLinked": false
                                                },
                                                "nav_align_mobile": "nav-center",
                                                "title_margin_mobile": {
                                                    "unit": "px",
                                                    "top": "0",
                                                    "right": "0",
                                                    "bottom": "30",
                                                    "left": "0",
                                                    "isLinked": false
                                                }
                                            },
                                            "elements": [],
                                            "isInner": false,
                                            "widgetType": "tftabs",
                                            "elType": "widget"
                                        }
                                    ],
                                    "isInner": true,
                                    "elType": "column"
                                }
                            ],
                            "isInner": true,
                            "elType": "section"
                        }
                    ],
                    "isInner": false,
                    "elType": "column"
                }
            ],
            "isInner": false,
            "elType": "section"
        },
        {
            "id": "437777d7",
            "settings": {
                "background_background": "classic",
                "background_image": {
                    "id": 44,
                    "url": "http:\/\/demothemesflat.co\/oventkit\/wp-content\/uploads\/2023\/03\/intro-video-bg-2.jpg"
                },
                "background_position": "center center",
                "background_repeat": "no-repeat",
                "background_size": "cover",
                "background_overlay_background": "classic",
                "background_overlay_color": "#000637",
                "background_overlay_opacity": {
                    "unit": "px",
                    "size": 0.7019999999999999573674358543939888477325439453125,
                    "sizes": []
                },
                "margin": {
                    "unit": "px",
                    "top": "0",
                    "right": 0,
                    "bottom": "0",
                    "left": 0,
                    "isLinked": false
                },
                "padding": {
                    "unit": "px",
                    "top": "118",
                    "right": "0",
                    "bottom": "398",
                    "left": "0",
                    "isLinked": false
                }
            },
            "elements": [
                {
                    "id": "6382f808",
                    "settings": {
                        "_column_size": 100,
                        "_inline_size": null,
                        "align": "center",
                        "margin": {
                            "unit": "px",
                            "top": "0",
                            "right": "0",
                            "bottom": "0",
                            "left": "0",
                            "isLinked": false
                        },
                        "padding": {
                            "unit": "px",
                            "top": "0",
                            "right": "0",
                            "bottom": "0",
                            "left": "0",
                            "isLinked": false
                        }
                    },
                    "elements": [
                        {
                            "id": "25573672",
                            "settings": {
                                "margin": {
                                    "unit": "px",
                                    "top": "0",
                                    "right": 0,
                                    "bottom": "0",
                                    "left": 0,
                                    "isLinked": false
                                },
                                "padding": {
                                    "unit": "px",
                                    "top": "0",
                                    "right": "0",
                                    "bottom": "0",
                                    "left": "0",
                                    "isLinked": false
                                },
                                "animation": "fadeInUp"
                            },
                            "elements": [
                                {
                                    "id": "35bc3737",
                                    "settings": {
                                        "_column_size": 100,
                                        "_inline_size": null,
                                        "margin": {
                                            "unit": "px",
                                            "top": "0",
                                            "right": "0",
                                            "bottom": "0",
                                            "left": "0",
                                            "isLinked": false
                                        },
                                        "padding": {
                                            "unit": "px",
                                            "top": "0",
                                            "right": "0",
                                            "bottom": "0",
                                            "left": "0",
                                            "isLinked": false
                                        }
                                    },
                                    "elements": [
                                        {
                                            "id": "66aa24b1",
                                            "settings": {
                                                "title": "intro video",
                                                "header_size": "h6",
                                                "_margin": {
                                                    "unit": "px",
                                                    "top": "0",
                                                    "right": "0",
                                                    "bottom": "0",
                                                    "left": "4",
                                                    "isLinked": false
                                                },
                                                "_padding": {
                                                    "unit": "px",
                                                    "top": "0",
                                                    "right": "0",
                                                    "bottom": "0",
                                                    "left": "0",
                                                    "isLinked": false
                                                },
                                                "__globals__": {
                                                    "title_color": "",
                                                    "typography_typography": "globals\/typography?id=ce83960"
                                                },
                                                "align": "center",
                                                "title_color": "#2AFFE8",
                                                "typography_typography": "custom",
                                                "typography_font_family": "Karla",
                                                "typography_font_size": {
                                                    "unit": "px",
                                                    "size": 14,
                                                    "sizes": []
                                                },
                                                "typography_font_weight": "bold",
                                                "typography_text_transform": "uppercase",
                                                "typography_line_height": {
                                                    "unit": "em",
                                                    "size": 1,
                                                    "sizes": []
                                                },
                                                "typography_letter_spacing": {
                                                    "unit": "px",
                                                    "size": 2.79999999999999982236431605997495353221893310546875,
                                                    "sizes": []
                                                }
                                            },
                                            "elements": [],
                                            "isInner": false,
                                            "widgetType": "heading",
                                            "elType": "widget"
                                        },
                                        {
                                            "id": "2d5c0e63",
                                            "settings": {
                                                "title": "Make Some Noise<br>With us.",
                                                "header_size": "h3",
                                                "_margin": {
                                                    "unit": "px",
                                                    "top": "19",
                                                    "right": "4",
                                                    "bottom": "0",
                                                    "left": "0",
                                                    "isLinked": false
                                                },
                                                "_padding": {
                                                    "unit": "px",
                                                    "top": "0",
                                                    "right": "0",
                                                    "bottom": "0",
                                                    "left": "0",
                                                    "isLinked": false
                                                },
                                                "__globals__": {
                                                    "title_color": "globals\/colors?id=5552072"
                                                },
                                                "align": "center"
                                            },
                                            "elements": [],
                                            "isInner": false,
                                            "widgetType": "heading",
                                            "elType": "widget"
                                        }
                                    ],
                                    "isInner": true,
                                    "elType": "column"
                                }
                            ],
                            "isInner": true,
                            "elType": "section"
                        },
                        {
                            "id": "53fda543",
                            "settings": {
                                "ekit_video_popup_button_title": "Play Video",
                                "ekit_video_popup_button_icons": {
                                    "value": "fas fa-play",
                                    "library": "fa-solid"
                                },
                                "ekit_video_popup_url": "https:\/\/www.youtube.com\/watch?v=XHOmBV4js_E",
                                "ekit_video_popup_end_time": 20,
                                "ekit_video_popup_auto_play": "1",
                                "ekit_video_popup_video_mute": "",
                                "ekit_video_popup_video_loop": "1",
                                "ekit_video_popup_video_player_control": "1",
                                "ekit_video_popup_icon_size": {
                                    "unit": "px",
                                    "size": 24,
                                    "sizes": []
                                },
                                "ekit_video_popup_btn_width": {
                                    "unit": "px",
                                    "size": 120,
                                    "sizes": []
                                },
                                "ekit_video_popup_btn_height": {
                                    "unit": "px",
                                    "size": 120,
                                    "sizes": []
                                },
                                "ekit_video_popup_btn_line_height": {
                                    "unit": "px",
                                    "size": 110,
                                    "sizes": []
                                },
                                "_element_width": "auto",
                                "__globals__": {
                                    "ekit_video_popup_btn_glow_color": "globals\/colors?id=5552072"
                                },
                                "_margin": {
                                    "unit": "px",
                                    "top": "36",
                                    "right": "0",
                                    "bottom": "0",
                                    "left": "0",
                                    "isLinked": false
                                },
                                "_padding": {
                                    "unit": "px",
                                    "top": "0",
                                    "right": "0",
                                    "bottom": "0",
                                    "left": "0",
                                    "isLinked": false
                                },
                                "ekit_video_self_external_url": "https:\/\/wpmet.com\/plugin\/elementskit\/wp-content\/uploads\/2022\/11\/selfhosted_video.mp4"
                            },
                            "elements": [],
                            "isInner": false,
                            "widgetType": "elementskit-video",
                            "elType": "widget"
                        }
                    ],
                    "isInner": false,
                    "elType": "column"
                }
            ],
            "isInner": false,
            "elType": "section"
        },
        {
            "id": "dd77cde",
            "settings": {
                "margin": {
                    "unit": "px",
                    "top": "0",
                    "right": 0,
                    "bottom": "0",
                    "left": 0,
                    "isLinked": false
                },
                "padding": {
                    "unit": "px",
                    "top": "0",
                    "right": "0",
                    "bottom": "116",
                    "left": "0",
                    "isLinked": false
                },
                "z_index": 3,
                "content_width": {
                    "unit": "px",
                    "size": 1400,
                    "sizes": []
                }
            },
            "elements": [
                {
                    "id": "4bc0de91",
                    "settings": {
                        "_column_size": 100,
                        "_inline_size": null,
                        "border_border": "dashed",
                        "border_width": {
                            "unit": "px",
                            "top": "8",
                            "right": "8",
                            "bottom": "8",
                            "left": "8",
                            "isLinked": true
                        },
                        "margin": {
                            "unit": "px",
                            "top": "-197",
                            "right": "0",
                            "bottom": "0",
                            "left": "0",
                            "isLinked": false
                        },
                        "padding": {
                            "unit": "px",
                            "top": "116",
                            "right": "100",
                            "bottom": "116",
                            "left": "107",
                            "isLinked": false
                        },
                        "__globals__": {
                            "border_color": "globals\/colors?id=accent",
                            "background_color": "globals\/colors?id=5552072"
                        },
                        "background_background": "classic",
                        "margin_tablet": {
                            "unit": "px",
                            "top": "-200",
                            "right": "30",
                            "bottom": "0",
                            "left": "30",
                            "isLinked": false
                        },
                        "padding_tablet": {
                            "unit": "px",
                            "top": "100",
                            "right": "30",
                            "bottom": "100",
                            "left": "30",
                            "isLinked": false
                        },
                        "margin_mobile": {
                            "unit": "px",
                            "top": "-200",
                            "right": "15",
                            "bottom": "0",
                            "left": "15",
                            "isLinked": false
                        },
                        "padding_mobile": {
                            "unit": "px",
                            "top": "100",
                            "right": "15",
                            "bottom": "100",
                            "left": "15",
                            "isLinked": false
                        }
                    },
                    "elements": [
                        {
                            "id": "36df8262",
                            "settings": {
                                "structure": "20",
                                "layout": "full_width",
                                "margin": {
                                    "unit": "px",
                                    "top": "0",
                                    "right": 0,
                                    "bottom": "0",
                                    "left": 0,
                                    "isLinked": false
                                },
                                "padding": {
                                    "unit": "px",
                                    "top": "0",
                                    "right": "0",
                                    "bottom": "0",
                                    "left": "0",
                                    "isLinked": false
                                }
                            },
                            "elements": [
                                {
                                    "id": "554906dc",
                                    "settings": {
                                        "_column_size": 50,
                                        "_inline_size": 50,
                                        "margin": {
                                            "unit": "px",
                                            "top": "0",
                                            "right": "0",
                                            "bottom": "0",
                                            "left": "0",
                                            "isLinked": false
                                        },
                                        "padding": {
                                            "unit": "px",
                                            "top": "0",
                                            "right": "17",
                                            "bottom": "0",
                                            "left": "0",
                                            "isLinked": false
                                        },
                                        "_inline_size_tablet": 100,
                                        "padding_tablet": {
                                            "unit": "px",
                                            "top": "0",
                                            "right": "0",
                                            "bottom": "0",
                                            "left": "0",
                                            "isLinked": false
                                        },
                                        "animation": "fadeInUp"
                                    },
                                    "elements": [
                                        {
                                            "id": "33dc8a4d",
                                            "settings": {
                                                "title": "Subscribe",
                                                "header_size": "h6",
                                                "_margin": {
                                                    "unit": "px",
                                                    "top": "0",
                                                    "right": "0",
                                                    "bottom": "0",
                                                    "left": "0",
                                                    "isLinked": false
                                                },
                                                "_padding": {
                                                    "unit": "px",
                                                    "top": "7",
                                                    "right": "26",
                                                    "bottom": "9",
                                                    "left": "27",
                                                    "isLinked": false
                                                },
                                                "_background_background": "gradient",
                                                "_background_color": "#27C336",
                                                "_background_color_stop": {
                                                    "unit": "%",
                                                    "size": 25,
                                                    "sizes": []
                                                },
                                                "_background_color_b": "#93EC4C",
                                                "_background_gradient_type": "radial",
                                                "_background_gradient_position": "top left",
                                                "_element_width": "auto",
                                                "__globals__": {
                                                    "title_color": "globals\/colors?id=5552072",
                                                    "_background_color": "",
                                                    "_background_color_b": ""
                                                },
                                                "title_color": "#FFFFFF",
                                                "align_mobile": "center"
                                            },
                                            "elements": [],
                                            "isInner": false,
                                            "widgetType": "heading",
                                            "elType": "widget"
                                        },
                                        {
                                            "id": "105df0bf",
                                            "settings": {
                                                "title": "Get Every Single Update Here.",
                                                "header_size": "h3",
                                                "_margin": {
                                                    "unit": "px",
                                                    "top": "22",
                                                    "right": "0",
                                                    "bottom": "0",
                                                    "left": "-2",
                                                    "isLinked": false
                                                },
                                                "_padding": {
                                                    "unit": "px",
                                                    "top": "0",
                                                    "right": "0",
                                                    "bottom": "0",
                                                    "left": "0",
                                                    "isLinked": false
                                                },
                                                "align": "left",
                                                "__globals__": {
                                                    "title_color": "globals\/colors?id=primary"
                                                },
                                                "align_mobile": "left"
                                            },
                                            "elements": [],
                                            "isInner": false,
                                            "widgetType": "heading",
                                            "elType": "widget"
                                        },
                                        {
                                            "id": "c6be762",
                                            "settings": {
                                                "mf_form_id": "124***1678519836071",
                                                "_margin": {
                                                    "unit": "px",
                                                    "top": "56",
                                                    "right": "0",
                                                    "bottom": "0",
                                                    "left": "0",
                                                    "isLinked": false
                                                },
                                                "_padding": {
                                                    "unit": "px",
                                                    "top": "0",
                                                    "right": "0",
                                                    "bottom": "0",
                                                    "left": "0",
                                                    "isLinked": false
                                                }
                                            },
                                            "elements": [],
                                            "isInner": false,
                                            "widgetType": "metform",
                                            "elType": "widget"
                                        }
                                    ],
                                    "isInner": true,
                                    "elType": "column"
                                },
                                {
                                    "id": "d48354b",
                                    "settings": {
                                        "_column_size": 50,
                                        "_inline_size": 50,
                                        "margin": {
                                            "unit": "px",
                                            "top": "0",
                                            "right": "0",
                                            "bottom": "0",
                                            "left": "0",
                                            "isLinked": false
                                        },
                                        "padding": {
                                            "unit": "px",
                                            "top": "52",
                                            "right": "7",
                                            "bottom": "0",
                                            "left": "0",
                                            "isLinked": false
                                        },
                                        "_inline_size_tablet": 100,
                                        "padding_tablet": {
                                            "unit": "px",
                                            "top": "50",
                                            "right": "0",
                                            "bottom": "0",
                                            "left": "0",
                                            "isLinked": false
                                        }
                                    },
                                    "elements": [
                                        {
                                            "id": "7132a9b5",
                                            "settings": {
                                                "image": {
                                                    "id": 48,
                                                    "url": "http:\/\/demothemesflat.co\/oventkit\/wp-content\/uploads\/2023\/03\/img_single_home-KWXHLZS.jpg"
                                                },
                                                "image_size": "full",
                                                "align": "right",
                                                "_margin": {
                                                    "unit": "px",
                                                    "top": "0",
                                                    "right": "0",
                                                    "bottom": "0",
                                                    "left": "0",
                                                    "isLinked": false
                                                },
                                                "_padding": {
                                                    "unit": "px",
                                                    "top": "0",
                                                    "right": "0",
                                                    "bottom": "0",
                                                    "left": "0",
                                                    "isLinked": false
                                                },
                                                "align_tablet": "left",
                                                "space_tablet": {
                                                    "unit": "%",
                                                    "size": 100,
                                                    "sizes": []
                                                },
                                                "_animation": "fadeInDown"
                                            },
                                            "elements": [],
                                            "isInner": false,
                                            "widgetType": "image",
                                            "elType": "widget"
                                        }
                                    ],
                                    "isInner": true,
                                    "elType": "column"
                                }
                            ],
                            "isInner": true,
                            "elType": "section"
                        }
                    ],
                    "isInner": false,
                    "elType": "column"
                }
            ],
            "isInner": false,
            "elType": "section"
        }
    ]
}